2026/09/29 13:54:13.698, 0, 1, 0
2026/09/29 13:54:14.701, 0, 1, 0
2026/09/29 13:54:15.701, 0, 1, 0
2026/09/29 13:54:16.701, 0, 4, 0
2026/09/29 13:54:17.702, 0, 4, 0
2026/09/29 13:54:18.702, 0, 4, 0
2026/09/29 13:54:19.702, 0, 4, 0
2026/09/29 13:54:20.702, 0, 4, 0
2026/09/29 13:54:21.703, 0, 4, 0
2026/09/29 13:54:22.703, 0, 4, 0
2026/09/29 13:54:23.703, 0, 4, 0
2026/09/29 13:54:24.703, 0, 4, 0
2026/09/29 13:54:25.703, 0, 4, 0
2026/09/29 13:54:26.704, 0, 4, 0
2026/09/29 13:54:27.704, 0, 4, 0
2026/09/29 13:54:28.705, 0, 4, 0
2026/09/29 13:54:29.705, 0, 4, 0
2026/09/29 13:54:30.705, 0, 4, 0
2026/09/29 13:54:31.705, 0, 4, 0
2026/09/29 13:54:32.706, 0, 4, 0
2026/09/29 13:54:33.706, 0, 4, 0
2026/09/29 13:54:34.706, 0, 4, 0
2026/09/29 13:54:35.706, 0, 4, 0
2026/09/29 13:54:36.707, 0, 396, 0
2026/09/29 13:54:37.707, 0, 396, 0
2026/09/29 13:54:38.707, 0, 396, 0
2026/09/29 13:54:39.707, 0, 396, 0
2026/09/29 13:54:40.707, 0, 396, 0
2026/09/29 13:54:41.707, 0, 396, 0
2026/09/29 13:54:42.708, 0, 396, 0
2026/09/29 13:54:43.708, 0, 396, 0
2026/09/29 13:54:44.708, 0, 396, 0
2026/09/29 13:54:45.708, 0, 396, 0
2026/09/29 13:54:46.708, 0, 396, 0
2026/09/29 13:54:47.709, 0, 396, 0
2026/09/29 13:54:48.709, 0, 396, 0
2026/09/29 13:54:49.709, 0, 396, 0
2026/09/29 13:54:50.709, 0, 396, 0
2026/09/29 13:54:51.712, 0, 1305, 0
2026/09/29 13:54:52.712, 0, 1305, 0
2026/09/29 13:54:53.712, 0, 1305, 0
2026/09/29 13:54:54.713, 0, 1305, 0
2026/09/29 13:54:55.713, 0, 1305, 0
2026/09/29 13:54:56.713, 0, 1305, 0
2026/09/29 13:54:57.713, 0, 1305, 0
2026/09/29 13:54:58.714, 0, 1305, 0
2026/09/29 13:54:59.714, 0, 1305, 0
2026/09/29 13:55:00.714, 0, 1305, 0
2026/09/29 13:55:01.715, 0, 1951, 3
2026/09/29 13:55:02.715, 0, 1951, 0
2026/09/29 13:55:03.715, 0, 1953, 0
2026/09/29 13:55:04.716, 0, 1955, 0
2026/09/29 13:55:05.717, 0, 1959, 0
2026/09/29 13:55:06.717, 0, 1961, 0
2026/09/29 13:55:07.718, 0, 1965, 0
2026/09/29 13:55:08.719, 0, 1967, 2
2026/09/29 13:55:09.719, 0, 1971, 0
2026/09/29 13:55:10.719, 0, 1973, 0
2026/09/29 13:55:11.719, 0, 1975, 1
2026/09/29 13:55:12.720, 0, 1977, 0
2026/09/29 13:55:13.720, 0, 1981, 2
2026/09/29 13:55:14.720, 0, 1983, 2
2026/09/29 13:55:15.720, 0, 1987, 0
2026/09/29 13:55:16.721, 0, 1991, 0
2026/09/29 13:55:17.721, 0, 1993, 1
2026/09/29 13:55:18.721, 0, 1995, 0
2026/09/29 13:55:19.722, 0, 1999, 3
2026/09/29 13:55:20.722, 0, 2001, 0
2026/09/29 13:55:21.722, 0, 2005, 0
2026/09/29 13:55:22.723, 0, 2007, 0
2026/09/29 13:55:23.737, 0, 2351, 3
2026/09/29 13:55:24.738, 0, 3213, 0
2026/09/29 13:55:25.738, 0, 7213, 14
2026/09/29 13:55:26.738, 0, 11453, 29
2026/09/29 13:55:27.739, 0, 12773, 5
2026/09/29 13:55:28.739, 0, 13673, 6
2026/09/29 13:55:29.739, 0, 14573, 5
2026/09/29 13:55:30.739, 0, 15493, 5
2026/09/29 13:55:31.739, 0, 16293, 5
2026/09/29 13:55:32.740, 0, 17193, 7
2026/09/29 13:55:33.740, 0, 18093, 5
2026/09/29 13:55:34.740, 0, 18973, 6
2026/09/29 13:55:35.740, 0, 19913, 6
2026/09/29 13:55:36.740, 0, 20653, 5
2026/09/29 13:55:37.741, 0, 21613, 5
2026/09/29 13:55:38.741, 0, 22333, 6
2026/09/29 13:55:39.741, 0, 23233, 6
2026/09/29 13:55:40.741, 0, 23973, 5
2026/09/29 13:55:41.741, 0, 24043, 0
2026/09/29 13:55:42.741, 0, 24043, 0
2026/09/29 13:55:43.742, 0, 24051, 0
2026/09/29 13:55:44.742, 0, 24053, 0
2026/09/29 13:55:45.742, 0, 24057, 13
2026/09/29 13:55:46.743, 0, 24059, 11
2026/09/29 13:55:47.743, 0, 24063, 0
2026/09/29 13:55:48.743, 0, 24065, 16
2026/09/29 13:55:49.743, 0, 24069, 12
2026/09/29 13:55:50.744, 0, 24071, 0
2026/09/29 13:55:51.744, 0, 24073, 16
2026/09/29 13:55:52.744, 0, 24077, 11
2026/09/29 13:55:53.744, 0, 24079, 0
2026/09/29 13:55:54.744, 0, 24079, 17
2026/09/29 13:55:55.745, 0, 24079, 10
2026/09/29 13:55:56.745, 0, 24079, 3
2026/09/29 13:55:57.745, 0, 24079, 17
2026/09/29 13:55:58.745, 0, 24079, 9
2026/09/29 13:55:59.745, 0, 24079, 6
2026/09/29 13:56:00.746, 0, 24079, 18
2026/09/29 13:56:01.746, 0, 24079, 100
2026/09/29 13:56:02.746, 0, 24059, 100
2026/09/29 13:56:03.746, 0, 24059, 100
2026/09/29 13:56:04.747, 0, 24059, 100
2026/09/29 13:56:05.747, 0, 24059, 100
2026/09/29 13:56:06.747, 0, 24059, 100
2026/09/29 13:56:07.747, 0, 2557, 74
2026/09/29 13:56:08.747, 0, 22397, 100
2026/09/29 13:56:09.747, 0, 23977, 5
2026/09/29 13:56:10.748, 0, 23981, 100
2026/09/29 13:56:11.748, 0, 10401, 46
2026/09/29 13:56:12.748, 0, 23981, 100
2026/09/29 13:56:13.748, 0, 23241, 100
2026/09/29 13:56:14.748, 0, 13361, 89
2026/09/29 13:56:15.749, 0, 23981, 100
2026/09/29 13:56:16.749, 0, 16561, 100
2026/09/29 13:56:17.749, 0, 16241, 100
2026/09/29 13:56:18.750, 0, 23981, 100
2026/09/29 13:56:19.750, 0, 10001, 88
2026/09/29 13:56:20.750, 0, 2110, 0
2026/09/29 13:56:21.750, 0, 2110, 0
2026/09/29 13:56:22.751, 0, 2110, 0
2026/09/29 13:56:23.751, 0, 2110, 0
2026/09/29 13:56:24.751, 0, 2010, 0
2026/09/29 13:56:25.751, 0, 2010, 0
2026/09/29 13:56:26.751, 0, 2010, 0
2026/09/29 13:56:27.752, 0, 2010, 0
2026/09/29 13:56:28.752, 0, 2010, 0
2026/09/29 13:56:29.752, 0, 2010, 0
2026/09/29 13:56:30.752, 0, 2010, 0
2026/09/29 13:56:31.752, 0, 2010, 0
2026/09/29 13:56:32.753, 0, 2010, 0
2026/09/29 13:56:33.753, 0, 4, 0
