2026/09/29 09:32:28.889, 1, 1, 0
2026/09/29 09:32:29.891, 1, 1, 0
2026/09/29 09:32:30.891, 1, 1, 0
2026/09/29 09:32:31.892, 1, 4, 0
2026/09/29 09:32:32.892, 1, 4, 0
2026/09/29 09:32:33.892, 1, 4, 0
2026/09/29 09:32:34.892, 1, 4, 0
2026/09/29 09:32:35.892, 1, 4, 0
2026/09/29 09:32:36.892, 1, 4, 0
2026/09/29 09:32:37.893, 1, 4, 0
2026/09/29 09:32:38.893, 1, 4, 0
2026/09/29 09:32:39.893, 1, 4, 0
2026/09/29 09:32:40.893, 1, 4, 0
2026/09/29 09:32:41.893, 1, 4, 0
2026/09/29 09:32:42.894, 1, 4, 0
2026/09/29 09:32:43.894, 1, 4, 0
2026/09/29 09:32:44.894, 1, 4, 0
2026/09/29 09:32:45.894, 1, 4, 0
2026/09/29 09:32:46.894, 1, 4, 0
2026/09/29 09:32:47.895, 1, 4, 0
2026/09/29 09:32:48.895, 1, 4, 0
2026/09/29 09:32:49.895, 1, 4, 0
2026/09/29 09:32:50.895, 1, 4, 0
2026/09/29 09:32:51.895, 1, 4, 0
2026/09/29 09:32:52.896, 1, 396, 0
2026/09/29 09:32:53.896, 1, 396, 0
2026/09/29 09:32:54.896, 1, 396, 0
2026/09/29 09:32:55.896, 1, 396, 0
2026/09/29 09:32:56.896, 1, 396, 0
2026/09/29 09:32:57.896, 1, 396, 0
2026/09/29 09:32:58.897, 1, 396, 0
2026/09/29 09:32:59.897, 1, 396, 0
2026/09/29 09:33:00.897, 1, 396, 0
2026/09/29 09:33:01.897, 1, 396, 0
2026/09/29 09:33:02.897, 1, 396, 0
2026/09/29 09:33:03.898, 1, 396, 0
2026/09/29 09:33:04.898, 1, 396, 0
2026/09/29 09:33:05.898, 1, 396, 0
2026/09/29 09:33:06.898, 1, 396, 0
2026/09/29 09:33:07.899, 1, 787, 0
2026/09/29 09:33:08.899, 1, 787, 0
2026/09/29 09:33:09.899, 1, 787, 0
2026/09/29 09:33:10.900, 1, 787, 0
2026/09/29 09:33:11.900, 1, 396, 0
2026/09/29 09:33:12.900, 1, 396, 0
2026/09/29 09:33:13.900, 1, 4, 9
2026/09/29 09:33:14.901, 1, 4, 0
2026/09/29 09:33:15.901, 1, 4, 0
2026/09/29 09:33:16.901, 1, 4, 0
2026/09/29 09:33:17.902, 1, 4, 0
2026/09/29 09:33:18.902, 1, 4, 0
2026/09/29 09:33:19.902, 1, 4, 0
2026/09/29 09:33:20.903, 1, 4, 0
2026/09/29 09:33:21.903, 1, 4, 0
2026/09/29 09:33:22.903, 1, 4, 0
2026/09/29 09:33:23.903, 1, 4, 0
2026/09/29 09:33:24.903, 1, 4, 0
2026/09/29 09:33:25.904, 1, 4, 0
2026/09/29 09:33:26.904, 1, 4, 0
2026/09/29 09:33:27.904, 1, 4, 0
2026/09/29 09:33:28.904, 1, 4, 0
2026/09/29 09:33:29.904, 1, 4, 0
