2026/09/29 06:54:42.134, 1, 1, 0
2026/09/29 06:54:43.137, 1, 1, 0
2026/09/29 06:54:44.137, 1, 4, 0
2026/09/29 06:54:45.137, 1, 4, 0
2026/09/29 06:54:46.138, 1, 4, 0
2026/09/29 06:54:47.138, 1, 4, 0
2026/09/29 06:54:48.138, 1, 4, 0
2026/09/29 06:54:49.138, 1, 4, 0
2026/09/29 06:54:50.138, 1, 4, 0
2026/09/29 06:54:51.139, 1, 4, 0
2026/09/29 06:54:52.139, 1, 4, 0
2026/09/29 06:54:53.139, 1, 4, 0
2026/09/29 06:54:54.139, 1, 4, 0
2026/09/29 06:54:55.139, 1, 4, 0
2026/09/29 06:54:56.140, 1, 396, 0
2026/09/29 06:54:57.140, 1, 396, 0
2026/09/29 06:54:58.140, 1, 396, 0
2026/09/29 06:54:59.140, 1, 396, 0
2026/09/29 06:55:00.141, 1, 396, 0
2026/09/29 06:55:01.141, 1, 396, 0
2026/09/29 06:55:02.141, 1, 396, 0
2026/09/29 06:55:03.142, 1, 396, 0
2026/09/29 06:55:04.142, 1, 396, 0
2026/09/29 06:55:05.142, 1, 396, 0
2026/09/29 06:55:06.142, 1, 396, 0
2026/09/29 06:55:07.143, 1, 396, 0
2026/09/29 06:55:08.143, 1, 396, 0
2026/09/29 06:55:09.143, 1, 396, 0
2026/09/29 06:55:10.143, 1, 396, 0
2026/09/29 06:55:11.144, 1, 396, 0
2026/09/29 06:55:12.144, 1, 396, 0
2026/09/29 06:55:13.144, 1, 396, 0
2026/09/29 06:55:14.144, 1, 396, 0
2026/09/29 06:55:15.145, 1, 396, 0
2026/09/29 06:55:16.145, 1, 396, 0
2026/09/29 06:55:17.145, 1, 396, 0
2026/09/29 06:55:18.145, 1, 396, 0
2026/09/29 06:55:19.146, 1, 396, 0
2026/09/29 06:55:20.146, 1, 396, 0
2026/09/29 06:55:21.146, 1, 396, 0
2026/09/29 06:55:22.147, 1, 396, 0
2026/09/29 06:55:23.147, 1, 396, 0
2026/09/29 06:55:24.147, 1, 396, 0
2026/09/29 06:55:25.148, 1, 396, 0
2026/09/29 06:55:26.148, 1, 396, 0
2026/09/29 06:55:27.148, 1, 396, 0
2026/09/29 06:55:28.148, 1, 396, 0
2026/09/29 06:55:29.149, 1, 396, 0
2026/09/29 06:55:30.149, 1, 396, 0
2026/09/29 06:55:31.169, 1, 396, 0
2026/09/29 06:55:32.169, 1, 396, 0
2026/09/29 06:55:33.170, 1, 396, 0
2026/09/29 06:55:34.170, 1, 396, 0
2026/09/29 06:55:35.170, 1, 396, 0
2026/09/29 06:55:36.170, 1, 396, 0
2026/09/29 06:55:37.171, 1, 396, 0
2026/09/29 06:55:38.171, 1, 396, 0
2026/09/29 06:55:39.171, 1, 396, 0
2026/09/29 06:55:40.171, 1, 396, 0
2026/09/29 06:55:41.172, 1, 396, 0
2026/09/29 06:55:42.172, 1, 396, 0
2026/09/29 06:55:43.172, 1, 396, 0
2026/09/29 06:55:44.172, 1, 396, 0
2026/09/29 06:55:45.172, 1, 396, 0
2026/09/29 06:55:46.201, 1, 396, 0
2026/09/29 06:55:47.201, 1, 396, 0
2026/09/29 06:55:48.201, 1, 396, 0
2026/09/29 06:55:49.202, 1, 396, 0
2026/09/29 06:55:50.202, 1, 396, 0
2026/09/29 06:55:51.202, 1, 396, 0
2026/09/29 06:55:52.203, 1, 396, 0
2026/09/29 06:55:53.203, 1, 396, 0
2026/09/29 06:55:54.203, 1, 396, 0
2026/09/29 06:55:55.203, 1, 396, 0
2026/09/29 06:55:56.275, 1, 396, 0
2026/09/29 06:55:57.276, 1, 396, 0
2026/09/29 06:55:58.276, 1, 396, 0
2026/09/29 06:55:59.276, 1, 396, 0
2026/09/29 06:56:00.276, 1, 396, 0
2026/09/29 06:56:01.277, 1, 396, 0
2026/09/29 06:56:02.277, 1, 396, 0
2026/09/29 06:56:03.277, 1, 396, 0
2026/09/29 06:56:04.277, 1, 396, 0
2026/09/29 06:56:05.278, 1, 396, 0
2026/09/29 06:56:06.386, 1, 396, 0
2026/09/29 06:56:07.386, 1, 396, 0
2026/09/29 06:56:08.386, 1, 396, 0
2026/09/29 06:56:09.387, 1, 396, 0
2026/09/29 06:56:10.387, 1, 396, 0
2026/09/29 06:56:11.407, 1, 396, 0
2026/09/29 06:56:12.407, 1, 396, 0
2026/09/29 06:56:13.407, 1, 396, 0
2026/09/29 06:56:14.408, 1, 396, 0
2026/09/29 06:56:15.408, 1, 396, 0
2026/09/29 06:56:16.526, 1, 396, 0
2026/09/29 06:56:17.527, 1, 396, 0
2026/09/29 06:56:18.527, 1, 396, 0
2026/09/29 06:56:19.527, 1, 396, 0
2026/09/29 06:56:20.527, 1, 396, 0
2026/09/29 06:56:21.783, 1, 396, 0
2026/09/29 06:56:22.784, 1, 396, 0
2026/09/29 06:56:23.784, 1, 396, 0
2026/09/29 06:56:24.784, 1, 396, 0
2026/09/29 06:56:25.807, 1, 396, 0
2026/09/29 06:56:26.807, 1, 396, 0
2026/09/29 06:56:27.807, 1, 396, 0
2026/09/29 06:56:28.807, 1, 396, 0
2026/09/29 06:56:29.808, 1, 396, 0
2026/09/29 06:56:30.808, 1, 396, 0
2026/09/29 06:56:31.808, 1, 396, 0
2026/09/29 06:56:32.808, 1, 396, 0
2026/09/29 06:56:33.809, 1, 396, 0
2026/09/29 06:56:34.809, 1, 396, 0
2026/09/29 06:56:35.809, 1, 396, 0
2026/09/29 06:56:36.810, 1, 396, 0
2026/09/29 06:56:37.810, 1, 396, 0
2026/09/29 06:56:38.810, 1, 396, 0
2026/09/29 06:56:39.811, 1, 396, 0
2026/09/29 06:56:40.811, 1, 396, 0
2026/09/29 06:56:41.811, 1, 396, 0
2026/09/29 06:56:42.811, 1, 396, 0
2026/09/29 06:56:43.812, 1, 396, 0
2026/09/29 06:56:44.812, 1, 396, 0
2026/09/29 06:56:45.812, 1, 396, 0
2026/09/29 06:56:46.841, 1, 396, 0
2026/09/29 06:56:47.841, 1, 396, 0
2026/09/29 06:56:48.842, 1, 396, 0
2026/09/29 06:56:49.842, 1, 396, 0
2026/09/29 06:56:50.842, 1, 396, 0
2026/09/29 06:56:51.868, 1, 396, 0
2026/09/29 06:56:52.868, 1, 396, 0
2026/09/29 06:56:53.869, 1, 396, 0
2026/09/29 06:56:54.869, 1, 396, 0
2026/09/29 06:56:55.869, 1, 396, 0
2026/09/29 06:56:56.998, 1, 396, 0
2026/09/29 06:56:57.998, 1, 396, 0
2026/09/29 06:56:58.998, 1, 396, 0
2026/09/29 06:57:00.000, 1, 396, 0
2026/09/29 06:57:01.000, 1, 396, 0
2026/09/29 06:57:02.045, 1, 396, 0
2026/09/29 06:57:03.045, 1, 396, 0
2026/09/29 06:57:04.046, 1, 396, 0
2026/09/29 06:57:05.046, 1, 396, 0
2026/09/29 06:57:06.046, 1, 396, 0
2026/09/29 06:57:07.047, 1, 396, 0
2026/09/29 06:57:08.047, 1, 398, 0
2026/09/29 06:57:09.047, 1, 858, 1
2026/09/29 06:57:10.048, 1, 1678, 5
2026/09/29 06:57:11.048, 1, 1940, 3
2026/09/29 06:57:12.048, 1, 1942, 1
2026/09/29 06:57:13.048, 1, 1944, 1
2026/09/29 06:57:14.049, 1, 1946, 0
2026/09/29 06:57:15.050, 1, 1948, 0
2026/09/29 06:57:16.051, 1, 1948, 0
2026/09/29 06:57:17.051, 1, 1950, 0
2026/09/29 06:57:18.051, 1, 1952, 0
2026/09/29 06:57:19.052, 1, 1954, 0
2026/09/29 06:57:20.052, 1, 1956, 0
2026/09/29 06:57:21.052, 1, 1958, 0
2026/09/29 06:57:22.053, 1, 1960, 0
2026/09/29 06:57:23.053, 1, 1962, 0
2026/09/29 06:57:24.054, 1, 1964, 0
2026/09/29 06:57:25.054, 1, 1966, 0
2026/09/29 06:57:26.054, 1, 1968, 0
2026/09/29 06:57:27.055, 1, 1970, 0
2026/09/29 06:57:28.055, 1, 1972, 0
2026/09/29 06:57:29.056, 1, 1974, 1
2026/09/29 06:57:30.056, 1, 1976, 0
2026/09/29 06:57:31.056, 1, 1978, 0
2026/09/29 06:57:32.057, 1, 1980, 0
2026/09/29 06:57:33.057, 1, 1982, 0
2026/09/29 06:57:34.057, 1, 1982, 0
2026/09/29 06:57:35.058, 1, 1984, 0
2026/09/29 06:57:36.058, 1, 1986, 0
2026/09/29 06:57:37.058, 1, 1988, 0
2026/09/29 06:57:38.059, 1, 1990, 0
2026/09/29 06:57:39.060, 1, 1992, 0
2026/09/29 06:57:40.061, 1, 1992, 0
2026/09/29 06:57:41.061, 1, 1994, 0
2026/09/29 06:57:42.062, 1, 1996, 0
2026/09/29 06:57:43.062, 1, 1998, 1
2026/09/29 06:57:44.063, 1, 2000, 0
2026/09/29 06:57:45.063, 1, 2002, 0
2026/09/29 06:57:46.063, 1, 2004, 0
2026/09/29 06:57:47.064, 1, 2006, 0
2026/09/29 06:57:48.064, 1, 2008, 0
2026/09/29 06:57:49.065, 1, 2010, 0
2026/09/29 06:57:50.066, 1, 2012, 0
2026/09/29 06:57:51.066, 1, 2014, 0
2026/09/29 06:57:52.067, 1, 2016, 0
2026/09/29 06:57:53.068, 1, 2018, 1
2026/09/29 06:57:54.068, 1, 2020, 1
2026/09/29 06:57:55.068, 1, 2024, 0
2026/09/29 06:57:56.068, 1, 2026, 1
2026/09/29 06:57:57.069, 1, 2028, 1
2026/09/29 06:57:58.069, 1, 2030, 0
2026/09/29 06:57:59.069, 1, 12952, 14
2026/09/29 06:58:00.069, 1, 12952, 0
2026/09/29 06:58:01.070, 1, 12952, 0
2026/09/29 06:58:02.070, 1, 12952, 0
2026/09/29 06:58:03.070, 1, 12952, 0
2026/09/29 06:58:04.070, 1, 12952, 0
2026/09/29 06:58:05.070, 1, 12952, 0
2026/09/29 06:58:06.071, 1, 12952, 0
2026/09/29 06:58:07.071, 1, 12952, 0
2026/09/29 06:58:08.071, 1, 12952, 0
2026/09/29 06:58:09.071, 1, 12952, 0
2026/09/29 06:58:10.071, 1, 12952, 0
2026/09/29 06:58:11.072, 1, 12952, 12
2026/09/29 06:58:12.072, 1, 12952, 17
2026/09/29 06:58:13.072, 1, 12952, 18
2026/09/29 06:58:14.072, 1, 12952, 10
2026/09/29 06:58:15.072, 1, 12952, 24
2026/09/29 06:58:16.072, 1, 12952, 0
2026/09/29 06:58:17.073, 1, 12952, 0
2026/09/29 06:58:18.073, 1, 12952, 0
2026/09/29 06:58:19.073, 1, 12952, 0
2026/09/29 06:58:20.073, 1, 12952, 0
2026/09/29 06:58:21.073, 1, 14174, 0
2026/09/29 06:58:22.074, 1, 14174, 0
2026/09/29 06:58:23.074, 1, 14174, 0
2026/09/29 06:58:24.074, 1, 14174, 0
2026/09/29 06:58:25.074, 1, 14174, 0
2026/09/29 06:58:26.074, 1, 14174, 0
2026/09/29 06:58:27.075, 1, 14174, 0
2026/09/29 06:58:28.075, 1, 14174, 0
2026/09/29 06:58:29.075, 1, 14174, 0
2026/09/29 06:58:30.075, 1, 14174, 0
2026/09/29 06:58:31.075, 1, 14174, 0
2026/09/29 06:58:32.076, 1, 14406, 0
2026/09/29 06:58:33.076, 1, 14406, 0
2026/09/29 06:58:34.076, 1, 14406, 0
2026/09/29 06:58:35.076, 1, 14446, 0
2026/09/29 06:58:36.076, 1, 18456, 14
2026/09/29 06:58:37.077, 1, 18556, 100
2026/09/29 06:58:38.077, 1, 18556, 100
2026/09/29 06:58:39.077, 1, 19178, 1
2026/09/29 06:58:40.077, 1, 19178, 0
2026/09/29 06:58:41.077, 1, 19178, 0
2026/09/29 06:58:42.078, 1, 19818, 0
2026/09/29 06:58:43.078, 1, 19818, 0
2026/09/29 06:58:44.078, 1, 19818, 0
2026/09/29 06:58:45.078, 1, 19818, 0
2026/09/29 06:58:46.079, 1, 19818, 0
2026/09/29 06:58:47.079, 1, 19818, 0
2026/09/29 06:58:48.081, 1, 19818, 0
2026/09/29 06:58:49.082, 1, 19818, 0
2026/09/29 06:58:50.082, 1, 19818, 0
2026/09/29 06:58:51.082, 1, 19818, 0
2026/09/29 06:58:52.082, 1, 19818, 0
2026/09/29 06:58:53.084, 1, 19818, 0
2026/09/29 06:58:54.084, 1, 19818, 0
2026/09/29 06:58:55.084, 1, 19818, 0
2026/09/29 06:58:56.084, 1, 19818, 0
2026/09/29 06:58:57.084, 1, 19818, 0
2026/09/29 06:58:58.086, 1, 19818, 0
2026/09/29 06:58:59.086, 1, 19818, 0
2026/09/29 06:59:00.086, 1, 19818, 0
2026/09/29 06:59:01.086, 1, 19818, 0
2026/09/29 06:59:02.086, 1, 19818, 0
2026/09/29 06:59:03.086, 1, 19818, 0
2026/09/29 06:59:04.087, 1, 19818, 0
2026/09/29 06:59:05.087, 1, 19818, 0
2026/09/29 06:59:06.087, 1, 19818, 0
2026/09/29 06:59:07.087, 1, 19818, 0
2026/09/29 06:59:08.087, 1, 19818, 0
2026/09/29 06:59:09.088, 1, 19818, 0
2026/09/29 06:59:10.088, 1, 19818, 0
2026/09/29 06:59:11.088, 1, 19818, 0
2026/09/29 06:59:12.088, 1, 19818, 0
2026/09/29 06:59:13.088, 1, 19818, 0
2026/09/29 06:59:14.089, 1, 21558, 77
2026/09/29 06:59:15.089, 1, 21558, 100
2026/09/29 06:59:16.089, 1, 21558, 100
2026/09/29 06:59:17.089, 1, 21558, 100
2026/09/29 06:59:18.089, 1, 21558, 100
2026/09/29 06:59:19.089, 1, 21558, 100
2026/09/29 06:59:20.090, 1, 21558, 100
2026/09/29 06:59:21.090, 1, 21558, 100
2026/09/29 06:59:22.090, 1, 21558, 100
2026/09/29 06:59:23.090, 1, 21558, 100
2026/09/29 06:59:24.091, 1, 21558, 100
2026/09/29 06:59:25.091, 1, 21558, 98
2026/09/29 06:59:26.091, 1, 21558, 100
2026/09/29 06:59:27.091, 1, 21558, 100
2026/09/29 06:59:28.091, 1, 21558, 99
2026/09/29 06:59:29.092, 1, 21558, 100
2026/09/29 06:59:30.092, 1, 21558, 99
2026/09/29 06:59:31.092, 1, 21558, 100
2026/09/29 06:59:32.092, 1, 21558, 100
2026/09/29 06:59:33.092, 1, 21558, 100
2026/09/29 06:59:34.092, 1, 21558, 100
2026/09/29 06:59:35.093, 1, 21558, 99
2026/09/29 06:59:36.093, 1, 21558, 100
2026/09/29 06:59:37.093, 1, 21558, 99
2026/09/29 06:59:38.093, 1, 21558, 100
2026/09/29 06:59:39.093, 1, 21558, 100
2026/09/29 06:59:40.094, 1, 21558, 100
2026/09/29 06:59:41.094, 1, 21558, 99
2026/09/29 06:59:42.094, 1, 21558, 100
2026/09/29 06:59:43.094, 1, 21558, 100
2026/09/29 06:59:44.094, 1, 21558, 100
2026/09/29 06:59:45.094, 1, 21558, 100
2026/09/29 06:59:46.095, 1, 21558, 100
2026/09/29 06:59:47.095, 1, 21558, 100
2026/09/29 06:59:48.095, 1, 21558, 99
2026/09/29 06:59:49.095, 1, 21558, 100
2026/09/29 06:59:50.095, 1, 21558, 100
2026/09/29 06:59:51.096, 1, 21558, 100
2026/09/29 06:59:52.096, 1, 21558, 99
2026/09/29 06:59:53.096, 1, 21558, 100
2026/09/29 06:59:54.096, 1, 21558, 100
2026/09/29 06:59:55.096, 1, 21558, 100
2026/09/29 06:59:56.097, 1, 21558, 100
2026/09/29 06:59:57.097, 1, 21558, 100
2026/09/29 06:59:58.097, 1, 21558, 100
2026/09/29 06:59:59.097, 1, 21558, 100
2026/09/29 07:00:00.097, 1, 21558, 100
2026/09/29 07:00:01.097, 1, 21558, 100
2026/09/29 07:00:02.098, 1, 21558, 100
2026/09/29 07:00:03.098, 1, 21558, 100
2026/09/29 07:00:04.098, 1, 21558, 100
2026/09/29 07:00:05.099, 1, 21558, 100
2026/09/29 07:00:06.099, 1, 21558, 100
2026/09/29 07:00:07.099, 1, 21558, 100
2026/09/29 07:00:08.099, 1, 21558, 100
2026/09/29 07:00:09.099, 1, 21558, 100
2026/09/29 07:00:10.100, 1, 21558, 100
2026/09/29 07:00:11.100, 1, 21558, 100
2026/09/29 07:00:12.100, 1, 21558, 100
2026/09/29 07:00:13.100, 1, 21558, 100
2026/09/29 07:00:14.100, 1, 21558, 100
2026/09/29 07:00:15.101, 1, 21558, 100
2026/09/29 07:00:16.101, 1, 21558, 100
2026/09/29 07:00:17.101, 1, 21558, 100
2026/09/29 07:00:18.101, 1, 21558, 100
2026/09/29 07:00:19.101, 1, 21558, 100
2026/09/29 07:00:20.101, 1, 21558, 99
2026/09/29 07:00:21.102, 1, 21570, 100
2026/09/29 07:00:22.102, 1, 21570, 100
2026/09/29 07:00:23.102, 1, 21570, 99
2026/09/29 07:00:24.102, 1, 21570, 100
2026/09/29 07:00:25.103, 1, 21570, 100
2026/09/29 07:00:26.103, 1, 21570, 100
2026/09/29 07:00:27.103, 1, 21570, 100
2026/09/29 07:00:28.103, 1, 21570, 99
2026/09/29 07:00:29.103, 1, 21570, 100
2026/09/29 07:00:30.104, 1, 21570, 99
2026/09/29 07:00:31.104, 1, 21570, 100
2026/09/29 07:00:32.104, 1, 21570, 100
2026/09/29 07:00:33.104, 1, 21570, 100
2026/09/29 07:00:34.104, 1, 21570, 100
2026/09/29 07:00:35.104, 1, 21570, 100
2026/09/29 07:00:36.105, 1, 21570, 100
2026/09/29 07:00:37.105, 1, 21570, 100
2026/09/29 07:00:38.105, 1, 21570, 100
2026/09/29 07:00:39.105, 1, 21570, 100
2026/09/29 07:00:40.105, 1, 21570, 100
2026/09/29 07:00:41.106, 1, 21570, 100
2026/09/29 07:00:42.106, 1, 21570, 100
2026/09/29 07:00:43.106, 1, 21570, 100
2026/09/29 07:00:44.106, 1, 21570, 100
2026/09/29 07:00:45.106, 1, 21570, 99
2026/09/29 07:00:46.107, 1, 21570, 100
2026/09/29 07:00:47.107, 1, 21570, 98
2026/09/29 07:00:48.107, 1, 21570, 100
2026/09/29 07:00:49.107, 1, 21570, 100
2026/09/29 07:00:50.107, 1, 21570, 100
2026/09/29 07:00:51.108, 1, 21570, 99
2026/09/29 07:00:52.108, 1, 21570, 100
2026/09/29 07:00:53.108, 1, 21570, 99
2026/09/29 07:00:54.108, 1, 21570, 100
2026/09/29 07:00:55.108, 1, 21570, 100
2026/09/29 07:00:56.109, 1, 21570, 100
2026/09/29 07:00:57.109, 1, 21570, 100
2026/09/29 07:00:58.109, 1, 21570, 100
2026/09/29 07:00:59.109, 1, 21570, 100
2026/09/29 07:01:00.109, 1, 21570, 100
2026/09/29 07:01:01.110, 1, 21570, 100
2026/09/29 07:01:02.110, 1, 21570, 100
2026/09/29 07:01:03.110, 1, 21570, 100
2026/09/29 07:01:04.110, 1, 21570, 100
2026/09/29 07:01:05.110, 1, 21570, 100
2026/09/29 07:01:06.111, 1, 21570, 100
2026/09/29 07:01:07.111, 1, 21570, 100
2026/09/29 07:01:08.111, 1, 21570, 100
2026/09/29 07:01:09.111, 1, 21570, 100
2026/09/29 07:01:10.112, 1, 21570, 100
2026/09/29 07:01:11.112, 1, 21570, 100
2026/09/29 07:01:12.112, 1, 21570, 100
2026/09/29 07:01:13.113, 1, 21570, 100
2026/09/29 07:01:14.113, 1, 21570, 100
2026/09/29 07:01:15.114, 1, 21570, 100
2026/09/29 07:01:16.114, 1, 21570, 100
2026/09/29 07:01:17.114, 1, 21570, 100
2026/09/29 07:01:18.114, 1, 21570, 100
2026/09/29 07:01:19.114, 1, 21570, 100
2026/09/29 07:01:20.115, 1, 21570, 100
2026/09/29 07:01:21.115, 1, 21570, 100
2026/09/29 07:01:22.116, 1, 21570, 100
2026/09/29 07:01:23.116, 1, 21570, 100
2026/09/29 07:01:24.116, 1, 21570, 100
2026/09/29 07:01:25.116, 1, 21570, 100
2026/09/29 07:01:26.116, 1, 21570, 100
2026/09/29 07:01:27.117, 1, 21570, 100
2026/09/29 07:01:28.117, 1, 21570, 100
2026/09/29 07:01:29.117, 1, 21570, 100
2026/09/29 07:01:30.117, 1, 21570, 100
2026/09/29 07:01:31.118, 1, 21570, 100
2026/09/29 07:01:32.118, 1, 21570, 100
2026/09/29 07:01:33.118, 1, 21570, 100
2026/09/29 07:01:34.118, 1, 21570, 100
2026/09/29 07:01:35.118, 1, 21570, 100
2026/09/29 07:01:36.119, 1, 21570, 100
2026/09/29 07:01:37.119, 1, 21570, 100
2026/09/29 07:01:38.119, 1, 21570, 100
2026/09/29 07:01:39.119, 1, 21570, 100
2026/09/29 07:01:40.119, 1, 21570, 99
2026/09/29 07:01:41.120, 1, 21570, 100
2026/09/29 07:01:42.120, 1, 21570, 100
2026/09/29 07:01:43.120, 1, 21570, 100
2026/09/29 07:01:44.120, 1, 21570, 100
2026/09/29 07:01:45.121, 1, 21570, 100
2026/09/29 07:01:46.121, 1, 21570, 100
2026/09/29 07:01:47.121, 1, 21570, 100
2026/09/29 07:01:48.121, 1, 21570, 100
2026/09/29 07:01:49.121, 1, 21570, 100
2026/09/29 07:01:50.122, 1, 21570, 100
2026/09/29 07:01:51.122, 1, 21570, 100
2026/09/29 07:01:52.122, 1, 21570, 100
2026/09/29 07:01:53.122, 1, 21570, 100
2026/09/29 07:01:54.122, 1, 21570, 100
2026/09/29 07:01:55.123, 1, 21570, 100
2026/09/29 07:01:56.123, 1, 21570, 100
2026/09/29 07:01:57.123, 1, 21570, 100
2026/09/29 07:01:58.123, 1, 21570, 100
2026/09/29 07:01:59.123, 1, 21570, 100
2026/09/29 07:02:00.124, 1, 21570, 100
2026/09/29 07:02:01.124, 1, 21570, 100
2026/09/29 07:02:02.124, 1, 21570, 100
2026/09/29 07:02:03.124, 1, 21570, 100
2026/09/29 07:02:04.124, 1, 21570, 100
2026/09/29 07:02:05.125, 1, 21570, 100
2026/09/29 07:02:06.125, 1, 21570, 100
2026/09/29 07:02:07.125, 1, 21570, 100
2026/09/29 07:02:08.125, 1, 21570, 100
2026/09/29 07:02:09.125, 1, 21570, 100
2026/09/29 07:02:10.126, 1, 21570, 100
2026/09/29 07:02:11.126, 1, 21570, 100
2026/09/29 07:02:12.126, 1, 21570, 100
2026/09/29 07:02:13.126, 1, 21570, 100
2026/09/29 07:02:14.127, 1, 21570, 99
2026/09/29 07:02:15.127, 1, 21570, 100
2026/09/29 07:02:16.127, 1, 21570, 100
2026/09/29 07:02:17.127, 1, 21570, 100
2026/09/29 07:02:18.127, 1, 21570, 99
2026/09/29 07:02:19.128, 1, 21570, 99
2026/09/29 07:02:20.128, 1, 21570, 100
2026/09/29 07:02:21.128, 1, 21570, 99
2026/09/29 07:02:22.128, 1, 21570, 100
2026/09/29 07:02:23.128, 1, 21570, 100
2026/09/29 07:02:24.128, 1, 21570, 100
2026/09/29 07:02:25.129, 1, 21570, 100
2026/09/29 07:02:26.129, 1, 21570, 100
2026/09/29 07:02:27.129, 1, 21570, 99
2026/09/29 07:02:28.129, 1, 21570, 100
2026/09/29 07:02:29.129, 1, 21570, 100
2026/09/29 07:02:30.130, 1, 21570, 100
2026/09/29 07:02:31.130, 1, 21570, 100
2026/09/29 07:02:32.130, 1, 21570, 100
2026/09/29 07:02:33.130, 1, 21570, 100
2026/09/29 07:02:34.130, 1, 21570, 100
2026/09/29 07:02:35.131, 1, 21570, 100
2026/09/29 07:02:36.131, 1, 21570, 100
2026/09/29 07:02:37.131, 1, 21570, 100
2026/09/29 07:02:38.131, 1, 21570, 100
2026/09/29 07:02:39.131, 1, 21570, 100
2026/09/29 07:02:40.132, 1, 21570, 100
2026/09/29 07:02:41.132, 1, 21570, 100
2026/09/29 07:02:42.132, 1, 21570, 100
2026/09/29 07:02:43.132, 1, 21570, 100
2026/09/29 07:02:44.132, 1, 21570, 99
2026/09/29 07:02:45.132, 1, 21570, 100
2026/09/29 07:02:46.133, 1, 21570, 100
2026/09/29 07:02:47.133, 1, 21570, 100
2026/09/29 07:02:48.133, 1, 21570, 100
2026/09/29 07:02:49.133, 1, 21570, 100
2026/09/29 07:02:50.133, 1, 21570, 100
2026/09/29 07:02:51.134, 1, 21570, 99
2026/09/29 07:02:52.134, 1, 21570, 100
2026/09/29 07:02:53.134, 1, 21570, 100
2026/09/29 07:02:54.134, 1, 21570, 100
2026/09/29 07:02:55.134, 1, 21570, 100
2026/09/29 07:02:56.135, 1, 21570, 100
2026/09/29 07:02:57.135, 1, 21570, 99
2026/09/29 07:02:58.135, 1, 21570, 100
2026/09/29 07:02:59.135, 1, 21570, 100
2026/09/29 07:03:00.135, 1, 21570, 100
2026/09/29 07:03:01.135, 1, 21570, 99
2026/09/29 07:03:02.136, 1, 21570, 100
2026/09/29 07:03:03.136, 1, 21570, 100
2026/09/29 07:03:04.136, 1, 21570, 100
2026/09/29 07:03:05.136, 1, 21570, 99
2026/09/29 07:03:06.136, 1, 21570, 100
2026/09/29 07:03:07.137, 1, 21570, 100
2026/09/29 07:03:08.137, 1, 21570, 100
2026/09/29 07:03:09.137, 1, 21570, 100
2026/09/29 07:03:10.137, 1, 21570, 100
2026/09/29 07:03:11.137, 1, 21570, 100
2026/09/29 07:03:12.137, 1, 21570, 100
2026/09/29 07:03:13.138, 1, 21570, 100
2026/09/29 07:03:14.138, 1, 21570, 100
2026/09/29 07:03:15.138, 1, 21570, 100
2026/09/29 07:03:16.138, 1, 21570, 100
2026/09/29 07:03:17.138, 1, 21570, 100
2026/09/29 07:03:18.139, 1, 21570, 100
2026/09/29 07:03:19.139, 1, 21570, 100
2026/09/29 07:03:20.139, 1, 21570, 100
2026/09/29 07:03:21.139, 1, 21570, 100
2026/09/29 07:03:22.139, 1, 21570, 100
2026/09/29 07:03:23.140, 1, 21570, 100
2026/09/29 07:03:24.140, 1, 21570, 100
2026/09/29 07:03:25.140, 1, 21570, 100
2026/09/29 07:03:26.140, 1, 21570, 100
2026/09/29 07:03:27.140, 1, 21570, 100
2026/09/29 07:03:28.141, 1, 21570, 100
2026/09/29 07:03:29.141, 1, 21570, 99
2026/09/29 07:03:30.141, 1, 21570, 100
2026/09/29 07:03:31.141, 1, 21570, 100
2026/09/29 07:03:32.141, 1, 21570, 100
2026/09/29 07:03:33.142, 1, 21570, 100
2026/09/29 07:03:34.142, 1, 21570, 100
2026/09/29 07:03:35.142, 1, 21570, 100
2026/09/29 07:03:36.142, 1, 21570, 100
2026/09/29 07:03:37.143, 1, 21570, 100
2026/09/29 07:03:38.143, 1, 21570, 100
2026/09/29 07:03:39.143, 1, 21570, 100
2026/09/29 07:03:40.143, 1, 21570, 98
2026/09/29 07:03:41.143, 1, 21570, 100
2026/09/29 07:03:42.143, 1, 21570, 98
2026/09/29 07:03:43.144, 1, 21570, 100
2026/09/29 07:03:44.144, 1, 21570, 99
2026/09/29 07:03:45.144, 1, 21570, 100
2026/09/29 07:03:46.144, 1, 21570, 100
2026/09/29 07:03:47.144, 1, 21570, 100
2026/09/29 07:03:48.145, 1, 21570, 100
2026/09/29 07:03:49.145, 1, 21570, 100
2026/09/29 07:03:50.145, 1, 21570, 100
2026/09/29 07:03:51.145, 1, 21570, 100
2026/09/29 07:03:52.145, 1, 21570, 100
2026/09/29 07:03:53.146, 1, 21570, 100
2026/09/29 07:03:54.146, 1, 21570, 100
2026/09/29 07:03:55.146, 1, 21570, 100
2026/09/29 07:03:56.147, 1, 21570, 99
2026/09/29 07:03:57.147, 1, 21570, 100
2026/09/29 07:03:58.147, 1, 21570, 100
2026/09/29 07:03:59.147, 1, 21570, 100
2026/09/29 07:04:00.147, 1, 21570, 100
2026/09/29 07:04:01.148, 1, 21570, 100
2026/09/29 07:04:02.148, 1, 21570, 100
2026/09/29 07:04:03.148, 1, 21570, 100
2026/09/29 07:04:04.148, 1, 21570, 100
2026/09/29 07:04:05.148, 1, 21570, 100
2026/09/29 07:04:06.148, 1, 21570, 100
2026/09/29 07:04:07.149, 1, 21570, 100
2026/09/29 07:04:08.149, 1, 21570, 100
2026/09/29 07:04:09.149, 1, 21570, 99
2026/09/29 07:04:10.149, 1, 21570, 100
2026/09/29 07:04:11.149, 1, 21570, 100
2026/09/29 07:04:12.150, 1, 21570, 100
2026/09/29 07:04:13.150, 1, 21570, 100
2026/09/29 07:04:14.150, 1, 21570, 100
2026/09/29 07:04:15.150, 1, 21570, 100
2026/09/29 07:04:16.150, 1, 21570, 100
2026/09/29 07:04:17.151, 1, 21570, 100
2026/09/29 07:04:18.151, 1, 21570, 100
2026/09/29 07:04:19.151, 1, 21570, 100
2026/09/29 07:04:20.151, 1, 21570, 100
2026/09/29 07:04:21.151, 1, 21570, 100
2026/09/29 07:04:22.152, 1, 21570, 99
2026/09/29 07:04:23.152, 1, 21570, 100
2026/09/29 07:04:24.152, 1, 21570, 100
2026/09/29 07:04:25.152, 1, 21570, 100
2026/09/29 07:04:26.153, 1, 21570, 100
2026/09/29 07:04:27.153, 1, 21570, 100
2026/09/29 07:04:28.153, 1, 21570, 99
2026/09/29 07:04:29.153, 1, 21570, 100
2026/09/29 07:04:30.153, 1, 21570, 100
2026/09/29 07:04:31.154, 1, 21570, 100
2026/09/29 07:04:32.154, 1, 21570, 100
2026/09/29 07:04:33.154, 1, 21570, 100
2026/09/29 07:04:34.154, 1, 21570, 100
2026/09/29 07:04:35.154, 1, 21570, 100
2026/09/29 07:04:36.154, 1, 21570, 100
2026/09/29 07:04:37.155, 1, 21570, 100
2026/09/29 07:04:38.155, 1, 21570, 100
2026/09/29 07:04:39.155, 1, 21570, 100
2026/09/29 07:04:40.155, 1, 21570, 100
2026/09/29 07:04:41.155, 1, 21570, 99
2026/09/29 07:04:42.156, 1, 21570, 100
2026/09/29 07:04:43.156, 1, 21570, 99
2026/09/29 07:04:44.156, 1, 21570, 100
2026/09/29 07:04:45.156, 1, 21570, 100
2026/09/29 07:04:46.156, 1, 21570, 100
2026/09/29 07:04:47.157, 1, 21570, 100
2026/09/29 07:04:48.157, 1, 21570, 100
2026/09/29 07:04:49.157, 1, 21570, 100
2026/09/29 07:04:50.157, 1, 21570, 100
2026/09/29 07:04:51.157, 1, 21570, 100
2026/09/29 07:04:52.157, 1, 21570, 100
2026/09/29 07:04:53.158, 1, 21570, 100
2026/09/29 07:04:54.158, 1, 21570, 100
2026/09/29 07:04:55.158, 1, 21570, 100
2026/09/29 07:04:56.158, 1, 21570, 100
2026/09/29 07:04:57.158, 1, 21570, 100
2026/09/29 07:04:58.159, 1, 21570, 100
2026/09/29 07:04:59.159, 1, 21570, 100
2026/09/29 07:05:00.159, 1, 21570, 100
2026/09/29 07:05:01.159, 1, 21570, 100
2026/09/29 07:05:02.159, 1, 21570, 100
2026/09/29 07:05:03.160, 1, 21570, 100
2026/09/29 07:05:04.160, 1, 21570, 100
2026/09/29 07:05:05.160, 1, 21570, 100
2026/09/29 07:05:06.160, 1, 21570, 99
2026/09/29 07:05:07.160, 1, 21570, 100
2026/09/29 07:05:08.160, 1, 21570, 100
2026/09/29 07:05:09.161, 1, 21570, 100
2026/09/29 07:05:10.161, 1, 21570, 100
2026/09/29 07:05:11.161, 1, 21570, 100
2026/09/29 07:05:12.161, 1, 21570, 100
2026/09/29 07:05:13.161, 1, 21570, 100
2026/09/29 07:05:14.162, 1, 21570, 100
2026/09/29 07:05:15.162, 1, 21570, 99
2026/09/29 07:05:16.162, 1, 21570, 100
2026/09/29 07:05:17.163, 1, 21570, 100
2026/09/29 07:05:18.163, 1, 21570, 100
2026/09/29 07:05:19.163, 1, 21570, 99
2026/09/29 07:05:20.163, 1, 21570, 100
2026/09/29 07:05:21.163, 1, 21570, 100
2026/09/29 07:05:22.163, 1, 21570, 100
2026/09/29 07:05:23.164, 1, 21570, 100
2026/09/29 07:05:24.164, 1, 21570, 100
2026/09/29 07:05:25.164, 1, 21570, 99
2026/09/29 07:05:26.164, 1, 21570, 100
2026/09/29 07:05:27.164, 1, 21570, 100
2026/09/29 07:05:28.165, 1, 21570, 100
2026/09/29 07:05:29.165, 1, 21570, 100
2026/09/29 07:05:30.165, 1, 21570, 100
2026/09/29 07:05:31.165, 1, 21570, 100
2026/09/29 07:05:32.165, 1, 21570, 99
2026/09/29 07:05:33.166, 1, 21570, 100
2026/09/29 07:05:34.166, 1, 21570, 99
2026/09/29 07:05:35.166, 1, 21570, 100
2026/09/29 07:05:36.166, 1, 21570, 100
2026/09/29 07:05:37.166, 1, 21570, 100
2026/09/29 07:05:38.166, 1, 21570, 100
2026/09/29 07:05:39.167, 1, 21570, 100
2026/09/29 07:05:40.167, 1, 21570, 100
2026/09/29 07:05:41.167, 1, 21570, 100
2026/09/29 07:05:42.167, 1, 21570, 100
2026/09/29 07:05:43.167, 1, 21570, 100
2026/09/29 07:05:44.168, 1, 21570, 100
2026/09/29 07:05:45.168, 1, 21570, 100
2026/09/29 07:05:46.168, 1, 21570, 100
2026/09/29 07:05:47.168, 1, 21570, 100
2026/09/29 07:05:48.168, 1, 21570, 100
2026/09/29 07:05:49.169, 1, 21570, 100
2026/09/29 07:05:50.169, 1, 21570, 100
2026/09/29 07:05:51.169, 1, 21570, 99
2026/09/29 07:05:52.170, 1, 21570, 100
2026/09/29 07:05:53.170, 1, 21570, 100
2026/09/29 07:05:54.170, 1, 21570, 100
2026/09/29 07:05:55.170, 1, 21570, 99
2026/09/29 07:05:56.170, 1, 21570, 100
2026/09/29 07:05:57.171, 1, 21570, 100
2026/09/29 07:05:58.171, 1, 21570, 100
2026/09/29 07:05:59.171, 1, 21570, 100
2026/09/29 07:06:00.171, 1, 21570, 100
2026/09/29 07:06:01.172, 1, 21570, 100
2026/09/29 07:06:02.172, 1, 21570, 100
2026/09/29 07:06:03.172, 1, 21570, 100
2026/09/29 07:06:15.572, 1, 21570, 100
2026/09/29 07:06:16.573, 1, 21570, 100
2026/09/29 07:06:17.573, 1, 21570, 100
2026/09/29 07:06:18.573, 1, 21570, 100
2026/09/29 07:06:19.573, 1, 21570, 100
2026/09/29 07:06:20.573, 1, 21570, 100
2026/09/29 07:06:21.573, 1, 21570, 100
2026/09/29 07:06:22.574, 1, 21570, 100
2026/09/29 07:06:23.574, 1, 21570, 100
2026/09/29 07:06:24.574, 1, 21570, 100
2026/09/29 07:06:25.574, 1, 21570, 100
2026/09/29 07:06:26.574, 1, 21570, 100
2026/09/29 07:06:27.575, 1, 21570, 100
2026/09/29 07:06:28.575, 1, 21570, 100
2026/09/29 07:06:29.575, 1, 21570, 100
2026/09/29 07:06:30.575, 1, 21570, 100
2026/09/29 07:06:31.575, 1, 21570, 100
2026/09/29 07:06:32.576, 1, 21570, 100
2026/09/29 07:06:33.576, 1, 21570, 100
2026/09/29 07:06:34.576, 1, 21570, 100
2026/09/29 07:06:35.576, 1, 21570, 100
2026/09/29 07:06:36.576, 1, 21570, 100
2026/09/29 07:06:37.577, 1, 21570, 100
2026/09/29 07:06:38.577, 1, 21570, 100
2026/09/29 07:06:39.577, 1, 21570, 100
2026/09/29 07:06:40.577, 1, 21570, 100
2026/09/29 07:06:41.577, 1, 21570, 100
2026/09/29 07:06:42.578, 1, 21570, 100
2026/09/29 07:06:43.578, 1, 21570, 100
2026/09/29 07:06:44.578, 1, 21570, 100
2026/09/29 07:06:45.578, 1, 21570, 100
2026/09/29 07:06:46.578, 1, 21570, 100
2026/09/29 07:06:47.578, 1, 21570, 100
2026/09/29 07:06:48.579, 1, 21570, 100
2026/09/29 07:06:49.579, 1, 21570, 100
2026/09/29 07:06:50.579, 1, 21570, 100
2026/09/29 07:06:51.579, 1, 21570, 100
2026/09/29 07:06:52.580, 1, 21570, 100
2026/09/29 07:06:53.580, 1, 21570, 100
2026/09/29 07:06:54.580, 1, 21570, 100
2026/09/29 07:06:55.580, 1, 21570, 100
2026/09/29 07:06:56.580, 1, 21570, 100
2026/09/29 07:06:57.580, 1, 21570, 100
2026/09/29 07:06:58.581, 1, 21570, 100
2026/09/29 07:06:59.581, 1, 21570, 100
2026/09/29 07:07:00.581, 1, 21570, 100
2026/09/29 07:07:01.581, 1, 21570, 100
2026/09/29 07:07:02.581, 1, 21570, 100
2026/09/29 07:07:03.582, 1, 21570, 100
2026/09/29 07:07:04.582, 1, 21570, 100
2026/09/29 07:07:05.582, 1, 21570, 100
2026/09/29 07:07:06.582, 1, 21570, 100
2026/09/29 07:07:07.582, 1, 21570, 100
2026/09/29 07:07:08.583, 1, 21570, 100
2026/09/29 07:07:09.583, 1, 21570, 100
2026/09/29 07:07:10.583, 1, 21570, 100
2026/09/29 07:07:11.583, 1, 21570, 100
2026/09/29 07:07:12.583, 1, 21570, 100
2026/09/29 07:07:13.583, 1, 21570, 100
2026/09/29 07:07:14.584, 1, 21570, 100
2026/09/29 07:07:15.584, 1, 21570, 100
2026/09/29 07:07:16.584, 1, 21570, 100
2026/09/29 07:07:17.584, 1, 21570, 100
2026/09/29 07:07:18.584, 1, 21570, 100
2026/09/29 07:07:19.585, 1, 21570, 100
2026/09/29 07:07:20.585, 1, 21570, 100
2026/09/29 07:07:21.585, 1, 21570, 100
2026/09/29 07:07:22.585, 1, 21570, 100
2026/09/29 07:07:23.585, 1, 21570, 100
2026/09/29 07:07:24.585, 1, 21570, 100
2026/09/29 07:07:25.586, 1, 21570, 100
2026/09/29 07:07:26.586, 1, 21570, 100
2026/09/29 07:07:27.586, 1, 21570, 100
2026/09/29 07:07:28.586, 1, 21570, 100
2026/09/29 07:07:29.586, 1, 21570, 100
2026/09/29 07:07:30.587, 1, 21570, 100
2026/09/29 07:07:31.587, 1, 21570, 96
2026/09/29 07:07:32.587, 1, 21570, 100
2026/09/29 07:07:33.587, 1, 21570, 100
2026/09/29 07:07:34.588, 1, 21570, 100
2026/09/29 07:07:35.588, 1, 21570, 100
2026/09/29 07:07:36.588, 1, 21570, 100
2026/09/29 07:07:37.588, 1, 21570, 100
2026/09/29 07:07:38.588, 1, 21570, 100
2026/09/29 07:07:39.589, 1, 21570, 100
2026/09/29 07:07:40.589, 1, 21570, 100
2026/09/29 07:07:41.589, 1, 21570, 100
2026/09/29 07:07:42.589, 1, 21570, 100
2026/09/29 07:07:43.589, 1, 21570, 100
2026/09/29 07:07:44.590, 1, 21570, 100
2026/09/29 07:07:45.590, 1, 21570, 100
2026/09/29 07:07:46.590, 1, 21570, 100
2026/09/29 07:07:47.590, 1, 21570, 100
2026/09/29 07:07:48.590, 1, 21570, 100
2026/09/29 07:07:49.590, 1, 21570, 100
2026/09/29 07:07:50.591, 1, 21570, 100
2026/09/29 07:07:51.591, 1, 21570, 100
2026/09/29 07:07:52.591, 1, 21570, 100
2026/09/29 07:07:53.591, 1, 21570, 100
2026/09/29 07:07:54.591, 1, 21570, 100
2026/09/29 07:07:55.592, 1, 21570, 100
2026/09/29 07:07:56.592, 1, 21570, 100
2026/09/29 07:07:57.592, 1, 21570, 100
2026/09/29 07:07:58.592, 1, 21570, 100
2026/09/29 07:07:59.592, 1, 21570, 100
2026/09/29 07:08:00.593, 1, 21570, 100
2026/09/29 07:08:01.593, 1, 21570, 100
2026/09/29 07:08:02.593, 1, 21570, 100
2026/09/29 07:08:03.593, 1, 21570, 100
2026/09/29 07:08:04.593, 1, 21570, 100
2026/09/29 07:08:05.594, 1, 21570, 100
2026/09/29 07:08:06.594, 1, 21570, 100
2026/09/29 07:08:07.594, 1, 21570, 100
2026/09/29 07:08:08.594, 1, 21570, 100
2026/09/29 07:08:09.594, 1, 21570, 100
2026/09/29 07:08:10.595, 1, 21570, 100
2026/09/29 07:08:11.595, 1, 21570, 100
2026/09/29 07:08:12.595, 1, 21570, 100
2026/09/29 07:08:13.595, 1, 21570, 100
2026/09/29 07:08:14.595, 1, 21570, 100
2026/09/29 07:08:15.596, 1, 21570, 100
2026/09/29 07:08:16.596, 1, 21570, 100
2026/09/29 07:08:17.596, 1, 21570, 100
2026/09/29 07:08:18.596, 1, 21570, 100
2026/09/29 07:08:19.596, 1, 21570, 100
2026/09/29 07:08:20.596, 1, 21570, 100
2026/09/29 07:08:21.597, 1, 21570, 100
2026/09/29 07:08:22.597, 1, 21570, 100
2026/09/29 07:08:23.597, 1, 21570, 100
2026/09/29 07:08:24.597, 1, 21570, 100
2026/09/29 07:08:25.597, 1, 21570, 100
2026/09/29 07:08:26.598, 1, 21570, 100
2026/09/29 07:08:27.598, 1, 21570, 100
2026/09/29 07:08:28.598, 1, 21570, 100
2026/09/29 07:08:29.598, 1, 21570, 100
2026/09/29 07:08:30.598, 1, 21570, 100
2026/09/29 07:08:31.598, 1, 21570, 100
2026/09/29 07:08:32.599, 1, 21570, 100
2026/09/29 07:08:33.599, 1, 21570, 100
2026/09/29 07:08:34.599, 1, 21570, 100
2026/09/29 07:08:35.599, 1, 21570, 100
2026/09/29 07:08:36.599, 1, 21570, 100
2026/09/29 07:08:37.600, 1, 21570, 100
2026/09/29 07:08:38.600, 1, 21570, 100
2026/09/29 07:08:39.600, 1, 21570, 100
2026/09/29 07:08:40.601, 1, 21570, 100
2026/09/29 07:08:41.601, 1, 21570, 100
2026/09/29 07:08:42.601, 1, 21570, 100
2026/09/29 07:08:43.601, 1, 21570, 100
2026/09/29 07:08:44.601, 1, 21570, 100
2026/09/29 07:08:45.601, 1, 21570, 100
2026/09/29 07:08:46.602, 1, 21570, 100
2026/09/29 07:08:47.602, 1, 21570, 100
2026/09/29 07:08:48.602, 1, 21570, 100
2026/09/29 07:08:49.602, 1, 21570, 100
2026/09/29 07:08:50.602, 1, 21570, 100
2026/09/29 07:08:51.603, 1, 21570, 100
2026/09/29 07:08:52.603, 1, 21570, 100
2026/09/29 07:08:53.603, 1, 21570, 100
2026/09/29 07:08:54.603, 1, 21570, 100
2026/09/29 07:08:55.603, 1, 21570, 100
2026/09/29 07:08:56.604, 1, 21570, 100
2026/09/29 07:08:57.604, 1, 21570, 100
2026/09/29 07:08:58.604, 1, 21570, 100
2026/09/29 07:08:59.604, 1, 21570, 100
2026/09/29 07:09:00.604, 1, 21570, 100
2026/09/29 07:09:01.604, 1, 21570, 100
2026/09/29 07:09:02.605, 1, 21570, 100
2026/09/29 07:09:03.605, 1, 21570, 100
2026/09/29 07:09:04.605, 1, 21570, 100
2026/09/29 07:09:05.605, 1, 21570, 100
2026/09/29 07:09:06.605, 1, 21570, 99
2026/09/29 07:09:07.606, 1, 21570, 100
2026/09/29 07:09:08.606, 1, 21570, 100
2026/09/29 07:09:09.606, 1, 21570, 100
2026/09/29 07:09:10.606, 1, 21570, 100
2026/09/29 07:09:11.606, 1, 21570, 100
2026/09/29 07:09:12.607, 1, 21570, 100
2026/09/29 07:09:13.607, 1, 21570, 100
2026/09/29 07:09:14.607, 1, 21570, 100
2026/09/29 07:09:15.607, 1, 21570, 100
2026/09/29 07:09:16.607, 1, 21570, 100
2026/09/29 07:09:17.608, 1, 21570, 100
2026/09/29 07:09:18.608, 1, 21570, 100
2026/09/29 07:09:19.608, 1, 21570, 100
2026/09/29 07:09:20.608, 1, 21570, 100
2026/09/29 07:09:21.608, 1, 21570, 100
2026/09/29 07:09:22.608, 1, 21570, 100
2026/09/29 07:09:23.609, 1, 21570, 100
2026/09/29 07:09:24.609, 1, 21570, 95
2026/09/29 07:09:25.609, 1, 21570, 100
2026/09/29 07:09:26.609, 1, 21570, 100
2026/09/29 07:09:27.609, 1, 21570, 100
2026/09/29 07:09:28.610, 1, 21570, 100
2026/09/29 07:09:29.610, 1, 21570, 100
2026/09/29 07:09:30.610, 1, 21570, 100
2026/09/29 07:09:31.610, 1, 21570, 100
2026/09/29 07:09:32.610, 1, 21570, 100
2026/09/29 07:09:33.611, 1, 21570, 100
2026/09/29 07:09:34.611, 1, 21570, 100
2026/09/29 07:09:35.611, 1, 21570, 100
2026/09/29 07:09:36.611, 1, 21570, 100
2026/09/29 07:09:37.611, 1, 21570, 100
2026/09/29 07:09:38.611, 1, 21570, 100
2026/09/29 07:09:39.612, 1, 21570, 100
2026/09/29 07:09:40.612, 1, 21570, 100
2026/09/29 07:09:41.612, 1, 21570, 100
2026/09/29 07:09:42.612, 1, 21570, 100
2026/09/29 07:09:43.612, 1, 21570, 100
2026/09/29 07:09:44.613, 1, 21570, 100
2026/09/29 07:09:45.613, 1, 21570, 100
2026/09/29 07:09:46.613, 1, 21570, 100
2026/09/29 07:09:47.613, 1, 21570, 100
2026/09/29 07:09:48.613, 1, 21570, 100
2026/09/29 07:09:49.613, 1, 21570, 100
2026/09/29 07:09:50.614, 1, 21570, 100
2026/09/29 07:09:51.614, 1, 21570, 100
2026/09/29 07:09:52.614, 1, 21570, 100
2026/09/29 07:09:53.614, 1, 21570, 100
2026/09/29 07:09:54.614, 1, 21570, 100
2026/09/29 07:09:55.615, 1, 21570, 100
2026/09/29 07:09:56.615, 1, 21570, 100
2026/09/29 07:09:57.615, 1, 21570, 100
2026/09/29 07:09:58.615, 1, 21570, 100
2026/09/29 07:09:59.615, 1, 21570, 100
2026/09/29 07:10:00.616, 1, 21570, 100
2026/09/29 07:10:01.616, 1, 21570, 100
2026/09/29 07:10:02.616, 1, 21570, 100
2026/09/29 07:10:03.616, 1, 21570, 100
2026/09/29 07:10:04.616, 1, 21570, 100
2026/09/29 07:10:05.616, 1, 21570, 100
2026/09/29 07:10:06.617, 1, 21570, 100
2026/09/29 07:10:07.617, 1, 21570, 100
2026/09/29 07:10:08.617, 1, 21570, 100
2026/09/29 07:10:09.617, 1, 21570, 100
2026/09/29 07:10:10.617, 1, 21570, 100
2026/09/29 07:10:11.618, 1, 21570, 100
2026/09/29 07:10:12.618, 1, 21570, 100
2026/09/29 07:10:13.618, 1, 21570, 100
2026/09/29 07:10:14.618, 1, 21570, 100
2026/09/29 07:10:15.618, 1, 21570, 100
2026/09/29 07:10:16.619, 1, 21570, 100
2026/09/29 07:10:17.619, 1, 21570, 100
2026/09/29 07:10:18.619, 1, 21570, 100
2026/09/29 07:10:19.619, 1, 21570, 100
2026/09/29 07:10:20.619, 1, 21570, 100
2026/09/29 07:10:21.620, 1, 21570, 100
2026/09/29 07:10:22.620, 1, 21570, 100
2026/09/29 07:10:23.620, 1, 21570, 100
2026/09/29 07:10:24.620, 1, 21570, 100
2026/09/29 07:10:25.620, 1, 21570, 100
2026/09/29 07:10:26.620, 1, 21570, 100
2026/09/29 07:10:27.621, 1, 21570, 100
2026/09/29 07:10:28.621, 1, 21570, 100
2026/09/29 07:10:29.621, 1, 21570, 100
2026/09/29 07:10:30.621, 1, 21570, 100
2026/09/29 07:10:31.621, 1, 21570, 100
2026/09/29 07:10:32.622, 1, 21570, 100
2026/09/29 07:10:33.622, 1, 21570, 100
2026/09/29 07:10:34.622, 1, 21570, 100
2026/09/29 07:10:35.622, 1, 21570, 100
2026/09/29 07:10:36.622, 1, 21570, 100
2026/09/29 07:10:37.622, 1, 21570, 100
2026/09/29 07:10:38.623, 1, 21570, 100
2026/09/29 07:10:39.623, 1, 21570, 100
2026/09/29 07:10:40.623, 1, 21570, 100
2026/09/29 07:10:41.623, 1, 21570, 100
2026/09/29 07:10:42.623, 1, 21570, 100
2026/09/29 07:10:43.624, 1, 21570, 99
2026/09/29 07:10:44.624, 1, 21570, 100
2026/09/29 07:10:45.624, 1, 21570, 100
2026/09/29 07:10:46.624, 1, 21570, 100
2026/09/29 07:10:47.624, 1, 21570, 100
2026/09/29 07:10:48.624, 1, 21570, 100
2026/09/29 07:10:49.625, 1, 21570, 100
2026/09/29 07:10:50.625, 1, 21570, 100
2026/09/29 07:10:51.625, 1, 21570, 100
2026/09/29 07:10:52.625, 1, 21570, 100
2026/09/29 07:10:53.625, 1, 21570, 100
2026/09/29 07:10:54.626, 1, 21570, 100
2026/09/29 07:10:55.626, 1, 21570, 100
2026/09/29 07:10:56.626, 1, 21570, 100
2026/09/29 07:10:57.626, 1, 21570, 100
2026/09/29 07:10:58.626, 1, 21570, 100
2026/09/29 07:10:59.627, 1, 21570, 100
2026/09/29 07:11:00.627, 1, 21570, 100
2026/09/29 07:11:01.627, 1, 21570, 100
2026/09/29 07:11:02.627, 1, 21570, 100
2026/09/29 07:11:03.627, 1, 21570, 100
2026/09/29 07:11:04.627, 1, 21570, 100
2026/09/29 07:11:05.628, 1, 21570, 100
2026/09/29 07:11:06.628, 1, 21570, 100
2026/09/29 07:11:07.628, 1, 21570, 100
2026/09/29 07:11:08.628, 1, 21570, 100
2026/09/29 07:11:09.628, 1, 21570, 100
2026/09/29 07:11:10.629, 1, 21570, 100
2026/09/29 07:11:11.629, 1, 21570, 100
2026/09/29 07:11:12.629, 1, 21570, 100
2026/09/29 07:11:13.629, 1, 21570, 100
2026/09/29 07:11:14.629, 1, 21570, 100
2026/09/29 07:11:15.629, 1, 21570, 100
2026/09/29 07:11:16.630, 1, 21570, 100
2026/09/29 07:11:17.630, 1, 21570, 100
2026/09/29 07:11:18.630, 1, 21570, 100
2026/09/29 07:11:19.630, 1, 21570, 100
2026/09/29 07:11:20.630, 1, 21570, 100
2026/09/29 07:11:21.631, 1, 21570, 100
2026/09/29 07:11:22.631, 1, 21570, 100
2026/09/29 07:11:23.631, 1, 21570, 100
2026/09/29 07:11:24.631, 1, 21570, 100
2026/09/29 07:11:25.631, 1, 21570, 100
2026/09/29 07:11:26.632, 1, 21570, 100
2026/09/29 07:11:27.632, 1, 21570, 100
2026/09/29 07:11:28.632, 1, 21570, 100
2026/09/29 07:11:29.632, 1, 21570, 100
2026/09/29 07:11:30.632, 1, 21570, 100
2026/09/29 07:11:31.633, 1, 21570, 100
2026/09/29 07:11:32.633, 1, 21570, 100
2026/09/29 07:11:33.633, 1, 21570, 100
2026/09/29 07:11:34.633, 1, 21570, 100
2026/09/29 07:11:35.633, 1, 21570, 100
2026/09/29 07:11:36.633, 1, 21570, 100
2026/09/29 07:11:37.634, 1, 21570, 100
2026/09/29 07:11:38.634, 1, 21570, 100
2026/09/29 07:11:39.634, 1, 21570, 100
2026/09/29 07:11:40.634, 1, 21570, 100
2026/09/29 07:11:41.634, 1, 21570, 100
2026/09/29 07:11:42.635, 1, 21570, 100
2026/09/29 07:11:43.635, 1, 21570, 100
2026/09/29 07:11:44.635, 1, 21570, 100
2026/09/29 07:11:45.635, 1, 21570, 100
2026/09/29 07:11:46.635, 1, 21570, 100
2026/09/29 07:11:47.635, 1, 21570, 100
2026/09/29 07:11:48.636, 1, 21570, 100
2026/09/29 07:11:49.636, 1, 21570, 100
2026/09/29 07:11:50.636, 1, 21570, 100
2026/09/29 07:11:51.637, 1, 21570, 100
2026/09/29 07:11:52.637, 1, 21570, 100
2026/09/29 07:11:53.637, 1, 21570, 100
2026/09/29 07:11:54.637, 1, 21570, 100
2026/09/29 07:11:55.637, 1, 21570, 100
2026/09/29 07:11:56.638, 1, 21570, 100
2026/09/29 07:11:57.638, 1, 21570, 100
2026/09/29 07:11:58.638, 1, 21570, 100
2026/09/29 07:11:59.638, 1, 21570, 100
2026/09/29 07:12:00.639, 1, 21570, 100
2026/09/29 07:12:01.639, 1, 21570, 100
2026/09/29 07:12:02.639, 1, 21570, 100
2026/09/29 07:12:03.639, 1, 21570, 100
2026/09/29 07:12:04.639, 1, 21570, 100
2026/09/29 07:12:05.639, 1, 21570, 100
2026/09/29 07:12:06.640, 1, 21570, 100
2026/09/29 07:12:07.640, 1, 21570, 100
2026/09/29 07:12:08.640, 1, 21570, 100
2026/09/29 07:12:09.640, 1, 21570, 100
2026/09/29 07:12:10.640, 1, 21570, 100
2026/09/29 07:12:11.641, 1, 21570, 100
2026/09/29 07:12:12.641, 1, 21570, 100
2026/09/29 07:12:13.641, 1, 21570, 100
2026/09/29 07:12:14.641, 1, 21570, 100
2026/09/29 07:12:15.641, 1, 21570, 100
2026/09/29 07:12:16.641, 1, 21570, 100
2026/09/29 07:12:17.642, 1, 21570, 100
2026/09/29 07:12:18.642, 1, 21570, 100
2026/09/29 07:12:19.642, 1, 21570, 100
2026/09/29 07:12:20.642, 1, 21570, 100
2026/09/29 07:12:21.643, 1, 21570, 100
2026/09/29 07:12:22.643, 1, 21570, 100
2026/09/29 07:12:23.643, 1, 21570, 100
2026/09/29 07:12:24.643, 1, 21570, 100
2026/09/29 07:12:25.643, 1, 21570, 100
2026/09/29 07:12:26.644, 1, 21570, 100
2026/09/29 07:12:27.644, 1, 21570, 100
2026/09/29 07:12:28.644, 1, 21570, 100
2026/09/29 07:12:29.644, 1, 21570, 100
2026/09/29 07:12:30.644, 1, 21570, 100
2026/09/29 07:12:31.644, 1, 21570, 100
2026/09/29 07:12:32.645, 1, 21570, 100
2026/09/29 07:12:33.645, 1, 21570, 100
2026/09/29 07:12:34.645, 1, 21570, 100
2026/09/29 07:12:35.645, 1, 21570, 100
2026/09/29 07:12:36.645, 1, 21570, 100
2026/09/29 07:12:37.646, 1, 21570, 100
2026/09/29 07:12:38.646, 1, 21570, 100
2026/09/29 07:12:39.646, 1, 21570, 100
2026/09/29 07:12:40.646, 1, 21570, 100
2026/09/29 07:12:41.646, 1, 21570, 100
2026/09/29 07:12:42.646, 1, 21570, 100
2026/09/29 07:12:43.647, 1, 21570, 100
2026/09/29 07:12:44.647, 1, 21570, 100
2026/09/29 07:12:45.647, 1, 21570, 100
2026/09/29 07:12:46.647, 1, 21570, 100
2026/09/29 07:12:47.647, 1, 21570, 100
2026/09/29 07:12:48.648, 1, 21570, 100
2026/09/29 07:12:49.648, 1, 21570, 100
2026/09/29 07:12:50.648, 1, 21570, 100
2026/09/29 07:12:51.648, 1, 21570, 100
2026/09/29 07:12:52.648, 1, 21570, 100
2026/09/29 07:12:53.649, 1, 21570, 100
2026/09/29 07:12:54.649, 1, 21570, 100
2026/09/29 07:12:55.649, 1, 21570, 100
2026/09/29 07:12:56.649, 1, 21570, 100
2026/09/29 07:12:57.649, 1, 21570, 100
2026/09/29 07:12:58.650, 1, 21570, 100
2026/09/29 07:12:59.650, 1, 21570, 100
2026/09/29 07:13:00.650, 1, 21570, 100
2026/09/29 07:13:01.650, 1, 21570, 100
2026/09/29 07:13:02.650, 1, 21570, 100
2026/09/29 07:13:03.650, 1, 21570, 100
2026/09/29 07:13:04.651, 1, 21570, 100
2026/09/29 07:13:05.651, 1, 21570, 100
2026/09/29 07:13:06.651, 1, 21570, 100
2026/09/29 07:13:07.651, 1, 21570, 100
2026/09/29 07:13:08.651, 1, 21570, 100
2026/09/29 07:13:09.652, 1, 21570, 100
2026/09/29 07:13:10.652, 1, 21570, 100
2026/09/29 07:13:11.652, 1, 21570, 100
2026/09/29 07:13:12.652, 1, 21570, 100
2026/09/29 07:13:13.652, 1, 21570, 100
2026/09/29 07:13:14.653, 1, 21570, 100
2026/09/29 07:13:15.653, 1, 21570, 100
2026/09/29 07:13:16.653, 1, 21570, 100
2026/09/29 07:13:17.653, 1, 21570, 100
2026/09/29 07:13:18.653, 1, 21570, 100
2026/09/29 07:13:19.654, 1, 21570, 100
2026/09/29 07:13:20.654, 1, 21570, 100
2026/09/29 07:13:21.654, 1, 21570, 100
2026/09/29 07:13:22.654, 1, 21570, 100
2026/09/29 07:13:23.654, 1, 21570, 100
2026/09/29 07:13:24.655, 1, 21570, 100
2026/09/29 07:13:25.655, 1, 21570, 100
2026/09/29 07:13:26.655, 1, 21570, 100
2026/09/29 07:13:27.655, 1, 21570, 100
2026/09/29 07:13:28.655, 1, 21570, 100
2026/09/29 07:13:29.656, 1, 21570, 100
2026/09/29 07:13:30.656, 1, 21570, 100
2026/09/29 07:13:31.656, 1, 21570, 100
2026/09/29 07:13:32.656, 1, 21570, 100
2026/09/29 07:13:33.656, 1, 21570, 100
2026/09/29 07:13:34.657, 1, 21570, 100
2026/09/29 07:13:35.657, 1, 21570, 100
2026/09/29 07:13:36.657, 1, 21570, 100
2026/09/29 07:13:37.657, 1, 21570, 100
2026/09/29 07:13:38.657, 1, 21570, 100
2026/09/29 07:13:39.658, 1, 21570, 100
2026/09/29 07:13:40.658, 1, 21570, 100
2026/09/29 07:13:41.658, 1, 21570, 100
2026/09/29 07:13:42.658, 1, 21570, 100
2026/09/29 07:13:43.658, 1, 21570, 100
2026/09/29 07:13:44.658, 1, 21570, 100
2026/09/29 07:13:45.659, 1, 21570, 100
2026/09/29 07:13:46.659, 1, 21570, 100
2026/09/29 07:13:47.659, 1, 21570, 100
2026/09/29 07:13:48.659, 1, 21570, 100
2026/09/29 07:13:49.659, 1, 21570, 100
2026/09/29 07:13:50.660, 1, 21570, 100
2026/09/29 07:13:51.660, 1, 21570, 100
2026/09/29 07:13:52.660, 1, 21570, 100
2026/09/29 07:13:53.660, 1, 21570, 100
2026/09/29 07:13:54.660, 1, 21570, 100
2026/09/29 07:13:55.661, 1, 21570, 100
2026/09/29 07:13:56.661, 1, 21570, 100
2026/09/29 07:13:57.661, 1, 21570, 100
2026/09/29 07:13:58.661, 1, 21570, 100
2026/09/29 07:13:59.661, 1, 21570, 100
2026/09/29 07:14:00.661, 1, 21570, 100
2026/09/29 07:14:01.662, 1, 21570, 100
2026/09/29 07:14:02.662, 1, 21570, 100
2026/09/29 07:14:03.662, 1, 21570, 100
2026/09/29 07:14:04.662, 1, 21570, 100
2026/09/29 07:14:05.662, 1, 21570, 100
2026/09/29 07:14:06.663, 1, 21570, 100
2026/09/29 07:14:07.663, 1, 21570, 100
2026/09/29 07:14:08.663, 1, 21570, 100
2026/09/29 07:14:09.663, 1, 21570, 100
2026/09/29 07:14:10.663, 1, 21570, 100
2026/09/29 07:14:11.663, 1, 21570, 100
2026/09/29 07:14:12.664, 1, 21570, 100
2026/09/29 07:14:13.664, 1, 21570, 100
2026/09/29 07:14:14.664, 1, 21570, 100
2026/09/29 07:14:15.664, 1, 21570, 100
2026/09/29 07:14:16.664, 1, 21570, 100
2026/09/29 07:14:17.665, 1, 21570, 100
2026/09/29 07:14:18.665, 1, 22550, 100
2026/09/29 07:14:19.665, 1, 22550, 100
2026/09/29 07:14:20.665, 1, 22710, 100
2026/09/29 07:14:21.665, 1, 22710, 100
2026/09/29 07:14:22.666, 1, 22710, 0
2026/09/29 07:14:23.666, 1, 18830, 40
2026/09/29 07:14:24.666, 1, 18830, 100
2026/09/29 07:14:25.666, 1, 18830, 100
2026/09/29 07:14:26.666, 1, 21790, 100
2026/09/29 07:14:27.667, 1, 21790, 100
2026/09/29 07:14:28.667, 1, 21790, 100
2026/09/29 07:14:29.667, 1, 21790, 100
2026/09/29 07:14:30.667, 1, 21790, 100
2026/09/29 07:14:31.667, 1, 21790, 100
2026/09/29 07:14:32.667, 1, 21790, 100
2026/09/29 07:14:33.668, 1, 21790, 100
2026/09/29 07:14:34.668, 1, 21790, 100
2026/09/29 07:14:35.668, 1, 21790, 100
2026/09/29 07:14:36.668, 1, 21790, 100
2026/09/29 07:14:37.668, 1, 21790, 99
2026/09/29 07:14:38.669, 1, 21790, 100
2026/09/29 07:14:39.669, 1, 21790, 100
2026/09/29 07:14:40.669, 1, 21790, 100
2026/09/29 07:14:41.669, 1, 21790, 100
2026/09/29 07:14:42.669, 1, 21790, 100
2026/09/29 07:14:43.670, 1, 21790, 100
2026/09/29 07:14:44.670, 1, 21790, 100
2026/09/29 07:14:45.670, 1, 21790, 100
2026/09/29 07:14:46.670, 1, 21790, 100
2026/09/29 07:14:47.670, 1, 21790, 100
2026/09/29 07:14:48.670, 1, 21790, 100
2026/09/29 07:14:49.671, 1, 21790, 100
2026/09/29 07:14:50.671, 1, 21790, 100
2026/09/29 07:14:51.671, 1, 21790, 100
2026/09/29 07:14:52.671, 1, 21790, 100
2026/09/29 07:14:53.671, 1, 21790, 100
2026/09/29 07:14:54.672, 1, 21790, 100
2026/09/29 07:14:55.672, 1, 21790, 100
2026/09/29 07:14:56.672, 1, 21790, 100
2026/09/29 07:14:57.672, 1, 21790, 100
2026/09/29 07:14:58.672, 1, 21790, 100
2026/09/29 07:14:59.672, 1, 21790, 100
2026/09/29 07:15:00.673, 1, 21790, 100
2026/09/29 07:15:01.673, 1, 21790, 100
2026/09/29 07:15:02.673, 1, 21790, 100
2026/09/29 07:15:03.673, 1, 21790, 100
2026/09/29 07:15:04.673, 1, 21790, 100
2026/09/29 07:15:05.674, 1, 21790, 100
2026/09/29 07:15:06.674, 1, 21790, 100
2026/09/29 07:15:07.674, 1, 21790, 100
2026/09/29 07:15:08.674, 1, 21790, 100
2026/09/29 07:15:09.674, 1, 21790, 100
2026/09/29 07:15:10.674, 1, 21790, 100
2026/09/29 07:15:11.675, 1, 21790, 100
2026/09/29 07:15:12.675, 1, 21790, 100
2026/09/29 07:15:13.675, 1, 21790, 100
2026/09/29 07:15:14.675, 1, 21790, 100
2026/09/29 07:15:15.675, 1, 21790, 100
2026/09/29 07:15:16.676, 1, 21790, 100
2026/09/29 07:15:17.676, 1, 21790, 100
2026/09/29 07:15:18.676, 1, 21790, 100
2026/09/29 07:15:19.676, 1, 21790, 100
2026/09/29 07:15:20.676, 1, 21790, 100
2026/09/29 07:15:21.677, 1, 21790, 100
2026/09/29 07:15:22.677, 1, 21790, 100
2026/09/29 07:15:23.677, 1, 21790, 100
2026/09/29 07:15:24.677, 1, 21790, 100
2026/09/29 07:15:25.677, 1, 21790, 100
2026/09/29 07:15:26.677, 1, 21790, 100
2026/09/29 07:15:27.678, 1, 21790, 100
2026/09/29 07:15:28.678, 1, 21790, 100
2026/09/29 07:15:29.678, 1, 21790, 100
2026/09/29 07:15:30.678, 1, 21790, 100
2026/09/29 07:15:31.678, 1, 21790, 100
2026/09/29 07:15:32.679, 1, 21790, 100
2026/09/29 07:15:33.679, 1, 21790, 100
2026/09/29 07:15:34.679, 1, 21790, 100
2026/09/29 07:15:35.679, 1, 21790, 100
2026/09/29 07:15:36.679, 1, 21790, 100
2026/09/29 07:15:37.680, 1, 21790, 100
2026/09/29 07:15:38.680, 1, 21790, 100
2026/09/29 07:15:39.680, 1, 21790, 100
2026/09/29 07:15:40.680, 1, 21790, 100
2026/09/29 07:15:41.680, 1, 21790, 100
2026/09/29 07:15:42.680, 1, 21790, 100
2026/09/29 07:15:43.681, 1, 21790, 100
2026/09/29 07:15:44.681, 1, 21790, 100
2026/09/29 07:15:45.681, 1, 21790, 100
2026/09/29 07:15:46.681, 1, 21790, 100
2026/09/29 07:15:47.681, 1, 21790, 100
2026/09/29 07:15:48.682, 1, 21790, 100
2026/09/29 07:15:49.682, 1, 21790, 100
2026/09/29 07:15:50.682, 1, 21790, 100
2026/09/29 07:15:51.682, 1, 21790, 100
2026/09/29 07:15:52.682, 1, 21790, 100
2026/09/29 07:15:53.682, 1, 21790, 100
2026/09/29 07:15:54.683, 1, 21790, 100
2026/09/29 07:15:55.683, 1, 21790, 100
2026/09/29 07:15:56.683, 1, 21790, 100
2026/09/29 07:15:57.683, 1, 21790, 100
2026/09/29 07:15:58.683, 1, 21790, 100
2026/09/29 07:15:59.684, 1, 21790, 100
2026/09/29 07:16:00.684, 1, 21790, 100
2026/09/29 07:16:01.684, 1, 21790, 100
2026/09/29 07:16:02.684, 1, 21790, 100
2026/09/29 07:16:03.684, 1, 21790, 100
2026/09/29 07:16:04.684, 1, 21790, 100
2026/09/29 07:16:05.685, 1, 21790, 100
2026/09/29 07:16:06.685, 1, 21790, 100
2026/09/29 07:16:07.685, 1, 21790, 100
2026/09/29 07:16:08.685, 1, 21790, 100
2026/09/29 07:16:09.685, 1, 21790, 100
2026/09/29 07:16:10.686, 1, 21790, 100
2026/09/29 07:16:11.686, 1, 21790, 100
2026/09/29 07:16:12.686, 1, 21790, 100
2026/09/29 07:16:13.687, 1, 21790, 100
2026/09/29 07:16:14.687, 1, 21790, 100
2026/09/29 07:16:15.687, 1, 21790, 100
2026/09/29 07:16:16.687, 1, 21790, 100
2026/09/29 07:16:17.687, 1, 21790, 100
2026/09/29 07:16:18.687, 1, 21790, 100
2026/09/29 07:16:19.688, 1, 21790, 100
2026/09/29 07:16:20.688, 1, 21790, 100
2026/09/29 07:16:21.688, 1, 21790, 100
2026/09/29 07:16:22.688, 1, 21790, 100
2026/09/29 07:16:23.688, 1, 21790, 100
2026/09/29 07:16:24.689, 1, 21790, 100
2026/09/29 07:16:25.689, 1, 21790, 100
2026/09/29 07:16:26.689, 1, 21790, 100
2026/09/29 07:16:27.689, 1, 21790, 100
2026/09/29 07:16:28.689, 1, 21790, 100
2026/09/29 07:16:29.690, 1, 21790, 100
2026/09/29 07:16:30.690, 1, 21790, 100
2026/09/29 07:16:31.690, 1, 21790, 100
2026/09/29 07:16:32.691, 1, 21790, 100
2026/09/29 07:16:33.691, 1, 21790, 100
2026/09/29 07:16:34.691, 1, 21790, 100
2026/09/29 07:16:35.691, 1, 21790, 100
2026/09/29 07:16:36.691, 1, 21790, 100
2026/09/29 07:16:37.692, 1, 21790, 100
2026/09/29 07:16:38.692, 1, 21790, 100
2026/09/29 07:16:39.692, 1, 21790, 100
2026/09/29 07:16:40.692, 1, 21790, 100
2026/09/29 07:16:41.692, 1, 21790, 100
2026/09/29 07:16:42.692, 1, 21790, 100
2026/09/29 07:16:43.693, 1, 21790, 100
2026/09/29 07:16:44.693, 1, 21790, 100
2026/09/29 07:16:45.693, 1, 21790, 100
2026/09/29 07:16:46.693, 1, 21790, 100
2026/09/29 07:16:47.693, 1, 21790, 100
2026/09/29 07:16:48.694, 1, 21790, 100
2026/09/29 07:16:49.694, 1, 21790, 100
2026/09/29 07:16:50.694, 1, 21790, 100
2026/09/29 07:16:51.694, 1, 21790, 100
2026/09/29 07:16:52.694, 1, 21790, 100
2026/09/29 07:16:53.694, 1, 21790, 100
2026/09/29 07:16:54.695, 1, 21790, 100
2026/09/29 07:16:55.695, 1, 21790, 100
2026/09/29 07:16:56.695, 1, 21790, 100
2026/09/29 07:16:57.695, 1, 21790, 100
2026/09/29 07:16:58.695, 1, 21790, 100
2026/09/29 07:16:59.696, 1, 21790, 100
2026/09/29 07:17:00.696, 1, 21790, 100
2026/09/29 07:17:01.696, 1, 21790, 100
2026/09/29 07:17:02.696, 1, 21790, 100
2026/09/29 07:17:03.696, 1, 21790, 100
2026/09/29 07:17:04.697, 1, 21790, 100
2026/09/29 07:17:05.697, 1, 21790, 100
2026/09/29 07:17:06.697, 1, 21790, 100
2026/09/29 07:17:07.697, 1, 21790, 100
2026/09/29 07:17:08.697, 1, 21790, 100
2026/09/29 07:17:09.697, 1, 21790, 100
2026/09/29 07:17:10.698, 1, 21790, 100
2026/09/29 07:17:11.698, 1, 21790, 100
2026/09/29 07:17:12.698, 1, 21790, 100
2026/09/29 07:17:13.698, 1, 21790, 100
2026/09/29 07:17:14.698, 1, 21790, 100
2026/09/29 07:17:15.699, 1, 21790, 100
2026/09/29 07:17:16.699, 1, 21790, 100
2026/09/29 07:17:17.699, 1, 21790, 100
2026/09/29 07:17:18.699, 1, 21790, 100
2026/09/29 07:17:19.699, 1, 21790, 100
2026/09/29 07:17:20.699, 1, 21790, 100
2026/09/29 07:17:21.700, 1, 21790, 100
2026/09/29 07:17:22.700, 1, 21790, 99
2026/09/29 07:17:23.700, 1, 21790, 100
2026/09/29 07:17:24.700, 1, 21790, 100
2026/09/29 07:17:25.700, 1, 21790, 100
2026/09/29 07:17:26.701, 1, 21790, 100
2026/09/29 07:17:27.701, 1, 21790, 100
2026/09/29 07:17:28.701, 1, 21790, 100
2026/09/29 07:17:29.701, 1, 21790, 100
2026/09/29 07:17:30.701, 1, 21790, 100
2026/09/29 07:17:31.702, 1, 21790, 100
2026/09/29 07:17:32.702, 1, 21790, 100
2026/09/29 07:17:33.702, 1, 21790, 100
2026/09/29 07:17:34.702, 1, 21790, 100
2026/09/29 07:17:35.702, 1, 21790, 100
2026/09/29 07:17:36.702, 1, 21790, 100
2026/09/29 07:17:37.703, 1, 21790, 100
2026/09/29 07:17:38.703, 1, 21790, 100
2026/09/29 07:17:39.703, 1, 21790, 100
2026/09/29 07:17:40.703, 1, 21790, 100
2026/09/29 07:17:41.703, 1, 21790, 100
2026/09/29 07:17:42.704, 1, 21790, 100
2026/09/29 07:17:43.704, 1, 21790, 100
2026/09/29 07:17:44.704, 1, 21790, 100
2026/09/29 07:17:45.704, 1, 21790, 100
2026/09/29 07:17:46.704, 1, 21790, 100
2026/09/29 07:17:47.704, 1, 21790, 100
2026/09/29 07:17:48.705, 1, 21790, 100
2026/09/29 07:17:49.705, 1, 21790, 100
2026/09/29 07:17:50.705, 1, 21790, 100
2026/09/29 07:17:51.706, 1, 21790, 100
2026/09/29 07:17:52.706, 1, 21790, 100
2026/09/29 07:17:53.706, 1, 21790, 100
2026/09/29 07:17:54.706, 1, 21790, 100
2026/09/29 07:17:55.706, 1, 21790, 100
2026/09/29 07:17:56.707, 1, 21790, 100
2026/09/29 07:17:57.707, 1, 21790, 100
2026/09/29 07:17:58.707, 1, 21790, 100
2026/09/29 07:17:59.707, 1, 21790, 100
2026/09/29 07:18:00.707, 1, 21790, 100
2026/09/29 07:18:01.708, 1, 21790, 100
2026/09/29 07:18:02.708, 1, 21790, 100
2026/09/29 07:18:03.708, 1, 21790, 100
2026/09/29 07:18:04.708, 1, 21790, 100
2026/09/29 07:18:05.708, 1, 21790, 100
2026/09/29 07:18:06.708, 1, 21790, 100
2026/09/29 07:18:07.709, 1, 21790, 100
2026/09/29 07:18:08.709, 1, 21790, 100
2026/09/29 07:18:09.709, 1, 21790, 100
2026/09/29 07:18:10.709, 1, 21790, 100
2026/09/29 07:18:11.709, 1, 21790, 100
2026/09/29 07:18:12.710, 1, 21790, 100
2026/09/29 07:18:13.710, 1, 21790, 100
2026/09/29 07:18:14.710, 1, 21790, 100
2026/09/29 07:18:15.710, 1, 21790, 100
2026/09/29 07:18:16.710, 1, 21790, 100
2026/09/29 07:18:17.710, 1, 21790, 100
2026/09/29 07:18:18.711, 1, 21790, 100
2026/09/29 07:18:19.711, 1, 21790, 100
2026/09/29 07:18:20.711, 1, 21790, 100
2026/09/29 07:18:21.711, 1, 21790, 100
2026/09/29 07:18:22.711, 1, 21790, 100
2026/09/29 07:18:23.712, 1, 21790, 99
2026/09/29 07:18:24.712, 1, 21790, 100
2026/09/29 07:18:25.712, 1, 21790, 100
2026/09/29 07:18:26.712, 1, 21790, 100
2026/09/29 07:18:27.712, 1, 21790, 100
2026/09/29 07:18:28.713, 1, 21790, 100
2026/09/29 07:18:29.713, 1, 21790, 100
2026/09/29 07:18:30.713, 1, 21790, 100
2026/09/29 07:18:31.713, 1, 21790, 100
2026/09/29 07:18:32.713, 1, 21790, 100
2026/09/29 07:18:33.713, 1, 21790, 100
2026/09/29 07:18:34.714, 1, 21790, 100
2026/09/29 07:18:35.714, 1, 21790, 100
2026/09/29 07:18:36.714, 1, 21790, 100
2026/09/29 07:18:37.714, 1, 21790, 100
2026/09/29 07:18:38.714, 1, 21790, 100
2026/09/29 07:18:39.715, 1, 21790, 100
2026/09/29 07:18:40.715, 1, 21790, 100
2026/09/29 07:18:41.715, 1, 21790, 100
2026/09/29 07:18:42.715, 1, 21790, 100
2026/09/29 07:18:43.715, 1, 21790, 100
2026/09/29 07:18:44.715, 1, 21790, 100
2026/09/29 07:18:45.716, 1, 21790, 100
2026/09/29 07:18:46.716, 1, 21790, 100
2026/09/29 07:18:47.716, 1, 21790, 100
2026/09/29 07:18:48.716, 1, 21790, 100
2026/09/29 07:18:49.716, 1, 21790, 100
2026/09/29 07:18:50.717, 1, 21790, 100
2026/09/29 07:18:51.717, 1, 21790, 100
2026/09/29 07:18:52.717, 1, 21790, 100
2026/09/29 07:18:53.717, 1, 21790, 100
2026/09/29 07:18:54.717, 1, 21790, 100
2026/09/29 07:18:55.718, 1, 21790, 100
2026/09/29 07:18:56.718, 1, 21790, 100
2026/09/29 07:18:57.718, 1, 21790, 100
2026/09/29 07:18:58.718, 1, 21790, 100
2026/09/29 07:18:59.718, 1, 21790, 100
2026/09/29 07:19:00.718, 1, 21790, 100
2026/09/29 07:19:01.719, 1, 21790, 100
2026/09/29 07:19:02.719, 1, 21790, 100
2026/09/29 07:19:03.719, 1, 21790, 100
2026/09/29 07:19:04.719, 1, 21790, 100
2026/09/29 07:19:05.719, 1, 21790, 100
2026/09/29 07:19:06.720, 1, 21790, 100
2026/09/29 07:19:07.720, 1, 21790, 100
2026/09/29 07:19:08.720, 1, 21790, 100
2026/09/29 07:19:09.720, 1, 21790, 100
2026/09/29 07:19:10.720, 1, 21790, 100
2026/09/29 07:19:11.720, 1, 21790, 100
2026/09/29 07:19:12.721, 1, 21790, 100
2026/09/29 07:19:13.721, 1, 21790, 100
2026/09/29 07:19:14.721, 1, 21790, 100
2026/09/29 07:19:15.721, 1, 21790, 100
2026/09/29 07:19:16.721, 1, 21790, 100
2026/09/29 07:19:17.722, 1, 21790, 100
2026/09/29 07:19:18.722, 1, 21790, 100
2026/09/29 07:19:19.722, 1, 21790, 100
2026/09/29 07:19:20.722, 1, 21790, 100
2026/09/29 07:19:21.722, 1, 21790, 100
2026/09/29 07:19:22.722, 1, 21790, 100
2026/09/29 07:19:23.723, 1, 21790, 100
2026/09/29 07:19:24.723, 1, 21790, 100
2026/09/29 07:19:25.723, 1, 21790, 100
2026/09/29 07:19:26.723, 1, 21790, 100
2026/09/29 07:19:27.723, 1, 21790, 100
2026/09/29 07:19:28.724, 1, 21790, 100
2026/09/29 07:19:29.724, 1, 21790, 100
2026/09/29 07:19:30.724, 1, 21790, 100
2026/09/29 07:19:31.724, 1, 21790, 100
2026/09/29 07:19:32.724, 1, 21790, 100
2026/09/29 07:19:33.725, 1, 21790, 100
2026/09/29 07:19:34.725, 1, 21790, 100
2026/09/29 07:19:35.725, 1, 21790, 100
2026/09/29 07:19:36.725, 1, 21790, 100
2026/09/29 07:19:37.725, 1, 21790, 100
2026/09/29 07:19:38.725, 1, 21790, 100
2026/09/29 07:19:39.726, 1, 21790, 100
2026/09/29 07:19:40.726, 1, 21790, 100
2026/09/29 07:19:41.726, 1, 21790, 100
2026/09/29 07:19:42.726, 1, 21790, 100
2026/09/29 07:19:43.726, 1, 21790, 100
2026/09/29 07:19:44.727, 1, 21790, 100
2026/09/29 07:19:45.727, 1, 21790, 100
2026/09/29 07:19:46.727, 1, 21790, 100
2026/09/29 07:19:47.727, 1, 21790, 100
2026/09/29 07:19:48.727, 1, 21790, 100
2026/09/29 07:19:49.728, 1, 21790, 100
2026/09/29 07:19:50.728, 1, 21790, 100
2026/09/29 07:19:51.728, 1, 21790, 100
2026/09/29 07:19:52.728, 1, 21790, 100
2026/09/29 07:19:53.728, 1, 21790, 100
2026/09/29 07:19:54.729, 1, 21790, 100
2026/09/29 07:19:55.729, 1, 21790, 100
2026/09/29 07:19:56.729, 1, 21790, 100
2026/09/29 07:19:57.729, 1, 21790, 100
2026/09/29 07:19:58.729, 1, 21790, 100
2026/09/29 07:19:59.730, 1, 21790, 100
2026/09/29 07:20:00.730, 1, 21790, 100
2026/09/29 07:20:01.730, 1, 21790, 100
2026/09/29 07:20:02.730, 1, 21790, 100
2026/09/29 07:20:03.730, 1, 21790, 100
2026/09/29 07:20:04.730, 1, 21790, 100
2026/09/29 07:20:05.731, 1, 21790, 100
2026/09/29 07:20:06.731, 1, 21790, 100
2026/09/29 07:20:07.731, 1, 21790, 100
2026/09/29 07:20:08.731, 1, 21790, 100
2026/09/29 07:20:09.731, 1, 21790, 100
2026/09/29 07:20:10.732, 1, 21790, 100
2026/09/29 07:20:11.732, 1, 21790, 100
2026/09/29 07:20:12.732, 1, 21790, 100
2026/09/29 07:20:13.732, 1, 21790, 100
2026/09/29 07:20:14.732, 1, 21790, 100
2026/09/29 07:20:15.732, 1, 21790, 100
2026/09/29 07:20:16.733, 1, 21790, 99
2026/09/29 07:20:17.733, 1, 21790, 100
2026/09/29 07:20:18.733, 1, 21790, 100
2026/09/29 07:20:19.733, 1, 21790, 100
2026/09/29 07:20:20.733, 1, 21790, 100
2026/09/29 07:20:21.734, 1, 21790, 100
2026/09/29 07:20:22.734, 1, 21790, 100
2026/09/29 07:20:23.734, 1, 21790, 100
2026/09/29 07:20:24.734, 1, 21790, 100
2026/09/29 07:20:25.734, 1, 21790, 100
2026/09/29 07:20:26.734, 1, 21790, 100
2026/09/29 07:20:27.735, 1, 21790, 100
2026/09/29 07:20:28.735, 1, 21790, 100
2026/09/29 07:20:29.735, 1, 21790, 100
2026/09/29 07:20:30.735, 1, 21790, 100
2026/09/29 07:20:31.735, 1, 21790, 100
2026/09/29 07:20:32.736, 1, 21790, 100
2026/09/29 07:20:33.736, 1, 21790, 100
2026/09/29 07:20:34.736, 1, 21790, 100
2026/09/29 07:20:35.736, 1, 21790, 100
2026/09/29 07:20:36.736, 1, 21790, 100
2026/09/29 07:20:37.737, 1, 21790, 100
2026/09/29 07:20:38.737, 1, 21790, 100
2026/09/29 07:20:39.737, 1, 21790, 100
2026/09/29 07:20:40.737, 1, 21790, 100
2026/09/29 07:20:41.737, 1, 21790, 100
2026/09/29 07:20:42.737, 1, 21790, 100
2026/09/29 07:20:43.738, 1, 21790, 100
2026/09/29 07:20:44.738, 1, 21790, 100
2026/09/29 07:20:45.738, 1, 21790, 100
2026/09/29 07:20:46.738, 1, 21790, 100
2026/09/29 07:20:47.739, 1, 21790, 100
2026/09/29 07:20:48.739, 1, 21790, 100
2026/09/29 07:20:49.739, 1, 21790, 100
2026/09/29 07:20:50.739, 1, 21790, 99
2026/09/29 07:20:51.739, 1, 21790, 100
2026/09/29 07:20:52.739, 1, 21790, 100
2026/09/29 07:20:53.740, 1, 21790, 100
2026/09/29 07:20:54.740, 1, 21790, 100
2026/09/29 07:20:55.740, 1, 21790, 100
2026/09/29 07:20:56.740, 1, 21790, 100
2026/09/29 07:20:57.740, 1, 21790, 100
2026/09/29 07:20:58.741, 1, 21790, 100
2026/09/29 07:20:59.741, 1, 21790, 100
2026/09/29 07:21:00.741, 1, 21790, 100
2026/09/29 07:21:01.741, 1, 21790, 100
2026/09/29 07:21:02.741, 1, 21790, 100
2026/09/29 07:21:03.741, 1, 21790, 100
2026/09/29 07:21:04.742, 1, 21790, 100
2026/09/29 07:21:05.742, 1, 21790, 100
2026/09/29 07:21:06.742, 1, 21790, 100
2026/09/29 07:21:07.742, 1, 21790, 100
2026/09/29 07:21:08.742, 1, 21790, 100
2026/09/29 07:21:09.743, 1, 21790, 100
2026/09/29 07:21:10.743, 1, 21790, 100
2026/09/29 07:21:11.743, 1, 21790, 100
2026/09/29 07:21:12.743, 1, 21790, 100
2026/09/29 07:21:13.743, 1, 21790, 100
2026/09/29 07:21:14.744, 1, 21790, 100
2026/09/29 07:21:15.744, 1, 21790, 100
2026/09/29 07:21:16.744, 1, 21790, 100
2026/09/29 07:21:17.744, 1, 21790, 100
2026/09/29 07:21:18.744, 1, 21790, 100
2026/09/29 07:21:19.744, 1, 21790, 100
2026/09/29 07:21:20.745, 1, 21790, 100
2026/09/29 07:21:21.745, 1, 21790, 100
2026/09/29 07:21:22.745, 1, 21790, 100
2026/09/29 07:21:23.745, 1, 21790, 100
2026/09/29 07:21:24.745, 1, 21790, 100
2026/09/29 07:21:25.746, 1, 21790, 100
2026/09/29 07:21:26.746, 1, 21790, 100
2026/09/29 07:21:27.746, 1, 21790, 100
2026/09/29 07:21:28.746, 1, 21790, 100
2026/09/29 07:21:29.746, 1, 21790, 100
2026/09/29 07:21:30.746, 1, 21790, 100
2026/09/29 07:21:31.747, 1, 21790, 100
2026/09/29 07:21:32.747, 1, 21790, 100
2026/09/29 07:21:33.747, 1, 21790, 100
2026/09/29 07:21:34.747, 1, 21790, 100
2026/09/29 07:21:35.747, 1, 21790, 95
2026/09/29 07:21:36.748, 1, 21790, 100
2026/09/29 07:21:37.748, 1, 21790, 100
2026/09/29 07:21:38.748, 1, 21790, 100
2026/09/29 07:21:39.748, 1, 21790, 100
2026/09/29 07:21:40.748, 1, 21790, 100
2026/09/29 07:21:41.749, 1, 21790, 100
2026/09/29 07:21:42.749, 1, 21790, 100
2026/09/29 07:21:43.749, 1, 21790, 100
2026/09/29 07:21:44.749, 1, 21790, 100
2026/09/29 07:21:45.749, 1, 21790, 100
2026/09/29 07:21:46.749, 1, 21790, 100
2026/09/29 07:21:47.750, 1, 21790, 100
2026/09/29 07:21:48.750, 1, 21790, 100
2026/09/29 07:21:49.750, 1, 21790, 100
2026/09/29 07:21:50.750, 1, 21790, 100
2026/09/29 07:21:51.750, 1, 21790, 100
2026/09/29 07:21:52.751, 1, 21790, 100
2026/09/29 07:21:53.751, 1, 21790, 100
2026/09/29 07:21:54.751, 1, 21790, 100
2026/09/29 07:21:55.751, 1, 21790, 100
2026/09/29 07:21:56.751, 1, 21790, 100
2026/09/29 07:21:57.752, 1, 21790, 100
2026/09/29 07:21:58.752, 1, 21790, 100
2026/09/29 07:21:59.752, 1, 21790, 100
2026/09/29 07:22:00.752, 1, 21790, 100
2026/09/29 07:22:01.752, 1, 21790, 100
2026/09/29 07:22:02.753, 1, 21790, 100
2026/09/29 07:22:03.753, 1, 21790, 100
2026/09/29 07:22:04.753, 1, 21790, 100
2026/09/29 07:22:05.753, 1, 21790, 100
2026/09/29 07:22:06.754, 1, 21790, 100
2026/09/29 07:22:07.754, 1, 21790, 100
2026/09/29 07:22:08.754, 1, 21790, 100
2026/09/29 07:22:09.754, 1, 21790, 100
2026/09/29 07:22:10.754, 1, 21790, 100
2026/09/29 07:22:11.755, 1, 21790, 100
2026/09/29 07:22:12.755, 1, 21790, 100
2026/09/29 07:22:13.755, 1, 21790, 100
2026/09/29 07:22:14.755, 1, 21790, 100
2026/09/29 07:22:15.755, 1, 21790, 100
2026/09/29 07:22:16.755, 1, 21790, 100
2026/09/29 07:22:17.756, 1, 21790, 100
2026/09/29 07:22:18.756, 1, 21790, 100
2026/09/29 07:22:19.756, 1, 21790, 100
2026/09/29 07:22:20.756, 1, 21790, 100
2026/09/29 07:22:21.757, 1, 21790, 100
2026/09/29 07:22:22.757, 1, 21790, 100
2026/09/29 07:22:23.757, 1, 21790, 100
2026/09/29 07:22:24.757, 1, 21790, 100
2026/09/29 07:22:25.758, 1, 21790, 100
2026/09/29 07:22:26.758, 1, 21790, 100
2026/09/29 07:22:27.758, 1, 21790, 100
2026/09/29 07:22:28.758, 1, 21790, 100
2026/09/29 07:22:29.758, 1, 21790, 100
2026/09/29 07:22:30.759, 1, 21790, 100
2026/09/29 07:22:31.759, 1, 21790, 100
2026/09/29 07:22:32.759, 1, 21790, 100
2026/09/29 07:22:33.759, 1, 21790, 100
2026/09/29 07:22:34.760, 1, 21790, 100
2026/09/29 07:22:35.760, 1, 21790, 100
2026/09/29 07:22:36.760, 1, 21790, 100
2026/09/29 07:22:37.760, 1, 21790, 100
2026/09/29 07:22:38.760, 1, 21790, 99
2026/09/29 07:22:39.760, 1, 21790, 100
2026/09/29 07:22:40.761, 1, 21790, 100
2026/09/29 07:22:41.761, 1, 21790, 100
2026/09/29 07:22:42.761, 1, 21790, 100
2026/09/29 07:22:43.761, 1, 21790, 100
2026/09/29 07:22:44.761, 1, 21790, 100
2026/09/29 07:22:45.762, 1, 21790, 100
2026/09/29 07:22:46.762, 1, 21790, 100
2026/09/29 07:22:47.762, 1, 21790, 100
2026/09/29 07:22:48.762, 1, 21790, 100
2026/09/29 07:22:49.762, 1, 21790, 100
2026/09/29 07:22:50.762, 1, 21790, 100
2026/09/29 07:22:51.763, 1, 21790, 100
2026/09/29 07:22:52.763, 1, 21790, 100
2026/09/29 07:22:53.763, 1, 21790, 100
2026/09/29 07:22:54.763, 1, 21790, 100
2026/09/29 07:22:55.763, 1, 21790, 100
2026/09/29 07:22:56.764, 1, 21790, 100
2026/09/29 07:22:57.764, 1, 21790, 100
2026/09/29 07:22:58.764, 1, 21790, 100
2026/09/29 07:22:59.764, 1, 21790, 100
2026/09/29 07:23:00.764, 1, 21790, 100
2026/09/29 07:23:01.765, 1, 21790, 100
2026/09/29 07:23:02.765, 1, 21790, 100
2026/09/29 07:23:03.765, 1, 21790, 100
2026/09/29 07:23:04.765, 1, 21790, 100
2026/09/29 07:23:05.765, 1, 21790, 100
2026/09/29 07:23:06.765, 1, 21790, 100
2026/09/29 07:23:07.766, 1, 21790, 100
2026/09/29 07:23:08.766, 1, 21790, 100
2026/09/29 07:23:09.766, 1, 21790, 100
2026/09/29 07:23:10.766, 1, 21790, 100
2026/09/29 07:23:11.766, 1, 21790, 100
2026/09/29 07:23:12.767, 1, 21790, 100
2026/09/29 07:23:13.767, 1, 21790, 100
2026/09/29 07:23:14.767, 1, 21790, 100
2026/09/29 07:23:15.767, 1, 21790, 100
2026/09/29 07:23:16.767, 1, 21790, 100
2026/09/29 07:23:17.768, 1, 21790, 100
2026/09/29 07:23:18.768, 1, 21790, 100
2026/09/29 07:23:19.768, 1, 21790, 100
2026/09/29 07:23:20.768, 1, 21790, 100
2026/09/29 07:23:21.768, 1, 21790, 100
2026/09/29 07:23:22.768, 1, 21790, 100
2026/09/29 07:23:23.769, 1, 21790, 100
2026/09/29 07:23:24.769, 1, 21790, 100
2026/09/29 07:23:25.769, 1, 21790, 100
2026/09/29 07:23:26.769, 1, 21790, 100
2026/09/29 07:23:27.769, 1, 21790, 100
2026/09/29 07:23:28.770, 1, 21790, 96
2026/09/29 07:23:29.770, 1, 21790, 100
2026/09/29 07:23:30.770, 1, 21790, 100
2026/09/29 07:23:31.770, 1, 21790, 100
2026/09/29 07:23:32.770, 1, 21790, 100
2026/09/29 07:23:33.770, 1, 21790, 100
2026/09/29 07:23:34.771, 1, 21790, 100
2026/09/29 07:23:35.771, 1, 21790, 100
2026/09/29 07:23:36.771, 1, 21790, 100
2026/09/29 07:23:37.771, 1, 21790, 100
2026/09/29 07:23:38.771, 1, 21790, 100
2026/09/29 07:23:39.772, 1, 21790, 100
2026/09/29 07:23:40.772, 1, 21790, 100
2026/09/29 07:23:41.772, 1, 21790, 100
2026/09/29 07:23:42.772, 1, 21790, 100
2026/09/29 07:23:43.772, 1, 21790, 100
2026/09/29 07:23:44.773, 1, 21790, 100
2026/09/29 07:23:45.773, 1, 21790, 100
2026/09/29 07:23:46.773, 1, 21790, 100
2026/09/29 07:23:47.773, 1, 21790, 100
2026/09/29 07:23:48.773, 1, 21790, 100
2026/09/29 07:23:49.774, 1, 21790, 100
2026/09/29 07:23:50.774, 1, 21790, 100
2026/09/29 07:23:51.774, 1, 21790, 100
2026/09/29 07:23:52.774, 1, 21790, 100
2026/09/29 07:23:53.774, 1, 21790, 100
2026/09/29 07:23:54.774, 1, 21790, 100
2026/09/29 07:23:55.775, 1, 21790, 100
2026/09/29 07:23:56.775, 1, 21790, 100
2026/09/29 07:23:57.775, 1, 21790, 100
2026/09/29 07:23:58.775, 1, 21790, 100
2026/09/29 07:23:59.775, 1, 21790, 100
2026/09/29 07:24:00.776, 1, 21790, 100
2026/09/29 07:24:01.776, 1, 21790, 100
2026/09/29 07:24:02.776, 1, 21790, 99
2026/09/29 07:24:03.776, 1, 21790, 100
2026/09/29 07:24:04.776, 1, 21790, 100
2026/09/29 07:24:05.777, 1, 21790, 100
2026/09/29 07:24:06.777, 1, 21790, 100
2026/09/29 07:24:07.777, 1, 21790, 100
2026/09/29 07:24:08.777, 1, 21790, 100
2026/09/29 07:24:09.777, 1, 21790, 100
2026/09/29 07:24:10.777, 1, 21790, 100
2026/09/29 07:24:11.778, 1, 21790, 100
2026/09/29 07:24:12.778, 1, 21790, 100
2026/09/29 07:24:13.778, 1, 21790, 100
2026/09/29 07:24:14.778, 1, 21790, 100
2026/09/29 07:24:15.778, 1, 21790, 100
2026/09/29 07:24:16.779, 1, 21790, 100
2026/09/29 07:24:17.779, 1, 21790, 100
2026/09/29 07:24:18.779, 1, 21790, 100
2026/09/29 07:24:19.779, 1, 21790, 100
2026/09/29 07:24:20.779, 1, 21790, 100
2026/09/29 07:24:21.779, 1, 21790, 100
2026/09/29 07:24:22.780, 1, 21790, 100
2026/09/29 07:24:23.780, 1, 21790, 100
2026/09/29 07:24:24.780, 1, 21790, 100
2026/09/29 07:24:25.780, 1, 21790, 100
2026/09/29 07:24:26.780, 1, 21790, 100
2026/09/29 07:24:27.781, 1, 21790, 100
2026/09/29 07:24:28.781, 1, 21790, 100
2026/09/29 07:24:29.781, 1, 21790, 100
2026/09/29 07:24:30.781, 1, 21790, 100
2026/09/29 07:24:31.781, 1, 21790, 100
2026/09/29 07:24:32.781, 1, 21790, 100
2026/09/29 07:24:33.782, 1, 21790, 100
2026/09/29 07:24:34.782, 1, 21790, 100
2026/09/29 07:24:35.782, 1, 21790, 100
2026/09/29 07:24:36.782, 1, 21790, 100
2026/09/29 07:24:37.782, 1, 21790, 100
2026/09/29 07:24:38.783, 1, 21790, 100
2026/09/29 07:24:39.783, 1, 21790, 100
2026/09/29 07:24:40.783, 1, 21790, 100
2026/09/29 07:24:41.783, 1, 21790, 100
2026/09/29 07:24:42.783, 1, 21790, 100
2026/09/29 07:24:43.784, 1, 21790, 100
2026/09/29 07:24:44.784, 1, 21790, 100
2026/09/29 07:24:45.784, 1, 21790, 100
2026/09/29 07:24:46.784, 1, 21790, 100
2026/09/29 07:24:47.784, 1, 21790, 100
2026/09/29 07:24:48.784, 1, 21790, 100
2026/09/29 07:24:49.785, 1, 21790, 100
2026/09/29 07:24:50.785, 1, 21790, 100
2026/09/29 07:24:51.785, 1, 21790, 100
2026/09/29 07:24:52.785, 1, 21790, 100
2026/09/29 07:24:53.785, 1, 21790, 100
2026/09/29 07:24:54.786, 1, 21790, 100
2026/09/29 07:24:55.786, 1, 21790, 100
2026/09/29 07:24:56.786, 1, 21790, 100
2026/09/29 07:24:57.786, 1, 21790, 100
2026/09/29 07:24:58.786, 1, 21790, 100
2026/09/29 07:24:59.786, 1, 21790, 100
2026/09/29 07:25:00.787, 1, 21790, 100
2026/09/29 07:25:01.787, 1, 21790, 100
2026/09/29 07:25:02.787, 1, 21790, 100
2026/09/29 07:25:03.787, 1, 21790, 100
2026/09/29 07:25:04.787, 1, 21790, 100
2026/09/29 07:25:05.788, 1, 21790, 100
2026/09/29 07:25:06.788, 1, 21790, 100
2026/09/29 07:25:07.788, 1, 21790, 100
2026/09/29 07:25:08.788, 1, 21790, 100
2026/09/29 07:25:09.788, 1, 21790, 100
2026/09/29 07:25:10.789, 1, 21790, 100
2026/09/29 07:25:11.789, 1, 21790, 100
2026/09/29 07:25:12.789, 1, 21790, 100
2026/09/29 07:25:13.789, 1, 21790, 100
2026/09/29 07:25:14.789, 1, 21790, 100
2026/09/29 07:25:15.789, 1, 21790, 100
2026/09/29 07:25:16.790, 1, 21790, 100
2026/09/29 07:25:17.790, 1, 21790, 100
2026/09/29 07:25:18.790, 1, 21790, 100
2026/09/29 07:25:19.790, 1, 21790, 100
2026/09/29 07:25:20.790, 1, 21790, 100
2026/09/29 07:25:21.791, 1, 21790, 100
2026/09/29 07:25:22.791, 1, 21790, 100
2026/09/29 07:25:23.791, 1, 21790, 100
2026/09/29 07:25:24.791, 1, 21790, 100
2026/09/29 07:25:25.791, 1, 21790, 100
2026/09/29 07:25:26.792, 1, 21790, 100
2026/09/29 07:25:27.792, 1, 21790, 100
2026/09/29 07:25:28.792, 1, 21790, 100
2026/09/29 07:25:29.792, 1, 21790, 100
2026/09/29 07:25:30.792, 1, 21790, 100
2026/09/29 07:25:31.792, 1, 21790, 100
2026/09/29 07:25:32.793, 1, 21790, 100
2026/09/29 07:25:33.793, 1, 21790, 100
2026/09/29 07:25:34.793, 1, 21790, 100
2026/09/29 07:25:35.793, 1, 21790, 100
2026/09/29 07:25:36.793, 1, 21790, 100
2026/09/29 07:25:37.794, 1, 21790, 100
2026/09/29 07:25:38.794, 1, 21790, 100
2026/09/29 07:25:39.794, 1, 21790, 100
2026/09/29 07:25:40.794, 1, 21790, 100
2026/09/29 07:25:41.794, 1, 21790, 100
2026/09/29 07:25:42.794, 1, 21790, 100
2026/09/29 07:25:43.795, 1, 21790, 100
2026/09/29 07:25:44.795, 1, 21790, 100
2026/09/29 07:25:45.795, 1, 21790, 100
2026/09/29 07:25:46.795, 1, 21790, 100
2026/09/29 07:25:47.795, 1, 21790, 100
2026/09/29 07:25:48.796, 1, 21790, 100
2026/09/29 07:25:49.796, 1, 21790, 100
2026/09/29 07:25:50.796, 1, 21790, 100
2026/09/29 07:25:51.796, 1, 21790, 100
2026/09/29 07:25:52.796, 1, 21790, 100
2026/09/29 07:25:53.797, 1, 21790, 100
2026/09/29 07:25:54.797, 1, 21790, 100
2026/09/29 07:25:55.797, 1, 21790, 99
2026/09/29 07:25:56.797, 1, 21790, 100
2026/09/29 07:25:57.797, 1, 21790, 100
2026/09/29 07:25:58.797, 1, 21790, 100
2026/09/29 07:25:59.798, 1, 21790, 100
2026/09/29 07:26:00.798, 1, 21790, 100
2026/09/29 07:26:01.798, 1, 21790, 100
2026/09/29 07:26:02.798, 1, 21790, 100
2026/09/29 07:26:03.798, 1, 21790, 100
2026/09/29 07:26:04.799, 1, 21790, 100
2026/09/29 07:26:05.799, 1, 21790, 100
2026/09/29 07:26:06.799, 1, 21790, 100
2026/09/29 07:26:07.799, 1, 21790, 100
2026/09/29 07:26:08.799, 1, 21790, 100
2026/09/29 07:26:09.799, 1, 21790, 100
2026/09/29 07:26:10.800, 1, 21790, 100
2026/09/29 07:26:11.800, 1, 21790, 100
2026/09/29 07:26:12.800, 1, 21790, 100
2026/09/29 07:26:13.800, 1, 21790, 100
2026/09/29 07:26:14.800, 1, 21790, 100
2026/09/29 07:26:15.801, 1, 21790, 100
2026/09/29 07:26:16.801, 1, 21790, 100
2026/09/29 07:26:17.801, 1, 21790, 100
2026/09/29 07:26:18.801, 1, 21790, 100
2026/09/29 07:26:19.801, 1, 21790, 100
2026/09/29 07:26:20.801, 1, 21790, 100
2026/09/29 07:26:21.802, 1, 21790, 100
2026/09/29 07:26:22.802, 1, 21790, 100
2026/09/29 07:26:23.802, 1, 21790, 100
2026/09/29 07:26:24.802, 1, 21790, 100
2026/09/29 07:26:25.802, 1, 21790, 100
2026/09/29 07:26:26.803, 1, 21790, 100
2026/09/29 07:26:27.803, 1, 21790, 100
2026/09/29 07:26:28.803, 1, 21790, 100
2026/09/29 07:26:29.803, 1, 21790, 100
2026/09/29 07:26:30.803, 1, 21790, 100
2026/09/29 07:26:31.804, 1, 21790, 100
2026/09/29 07:26:32.804, 1, 21790, 100
2026/09/29 07:26:33.804, 1, 21790, 100
2026/09/29 07:26:34.804, 1, 21790, 100
2026/09/29 07:26:35.804, 1, 21790, 100
2026/09/29 07:26:36.804, 1, 21790, 100
2026/09/29 07:26:37.805, 1, 21790, 100
2026/09/29 07:26:38.805, 1, 21790, 100
2026/09/29 07:26:39.805, 1, 21790, 100
2026/09/29 07:26:40.805, 1, 21790, 100
2026/09/29 07:26:41.805, 1, 21790, 100
2026/09/29 07:26:42.806, 1, 21790, 100
2026/09/29 07:26:43.806, 1, 21790, 100
2026/09/29 07:26:44.806, 1, 21790, 100
2026/09/29 07:26:45.806, 1, 21790, 100
2026/09/29 07:26:46.806, 1, 21790, 100
2026/09/29 07:26:47.806, 1, 21790, 100
2026/09/29 07:26:48.807, 1, 21790, 100
2026/09/29 07:26:49.807, 1, 21790, 100
2026/09/29 07:26:50.807, 1, 21790, 100
2026/09/29 07:26:51.807, 1, 21790, 100
2026/09/29 07:26:52.807, 1, 21790, 100
2026/09/29 07:26:53.808, 1, 21790, 100
2026/09/29 07:26:54.808, 1, 21790, 100
2026/09/29 07:26:55.808, 1, 21790, 100
2026/09/29 07:26:56.808, 1, 21790, 100
2026/09/29 07:26:57.808, 1, 21790, 100
2026/09/29 07:26:58.809, 1, 21790, 100
2026/09/29 07:26:59.809, 1, 21790, 100
2026/09/29 07:27:00.809, 1, 21790, 100
2026/09/29 07:27:01.809, 1, 21790, 100
2026/09/29 07:27:02.809, 1, 21790, 100
2026/09/29 07:27:03.809, 1, 21790, 100
2026/09/29 07:27:04.810, 1, 21790, 100
2026/09/29 07:27:05.810, 1, 21790, 100
2026/09/29 07:27:06.810, 1, 21790, 100
2026/09/29 07:27:07.810, 1, 21790, 100
2026/09/29 07:27:08.810, 1, 21790, 100
2026/09/29 07:27:09.811, 1, 21790, 100
2026/09/29 07:27:10.811, 1, 21790, 100
2026/09/29 07:27:11.811, 1, 21790, 100
2026/09/29 07:27:12.811, 1, 21790, 100
2026/09/29 07:27:13.811, 1, 21790, 100
2026/09/29 07:27:14.811, 1, 21790, 97
2026/09/29 07:27:15.812, 1, 21790, 100
2026/09/29 07:27:16.812, 1, 21790, 100
2026/09/29 07:27:17.812, 1, 21790, 100
2026/09/29 07:27:18.812, 1, 21790, 100
2026/09/29 07:27:19.812, 1, 21790, 100
2026/09/29 07:27:20.813, 1, 21790, 100
2026/09/29 07:27:21.813, 1, 21790, 100
2026/09/29 07:27:22.813, 1, 21790, 100
2026/09/29 07:27:23.813, 1, 21790, 100
2026/09/29 07:27:24.814, 1, 21790, 100
2026/09/29 07:27:25.814, 1, 21790, 100
2026/09/29 07:27:26.814, 1, 21790, 100
2026/09/29 07:27:27.814, 1, 21790, 100
2026/09/29 07:27:28.814, 1, 21790, 100
2026/09/29 07:27:29.815, 1, 21790, 100
2026/09/29 07:27:30.815, 1, 21790, 100
2026/09/29 07:27:31.815, 1, 21790, 100
2026/09/29 07:27:32.815, 1, 21790, 100
2026/09/29 07:27:33.815, 1, 21790, 100
2026/09/29 07:27:34.816, 1, 21790, 100
2026/09/29 07:27:35.816, 1, 21790, 100
2026/09/29 07:27:36.817, 1, 21790, 100
2026/09/29 07:27:37.817, 1, 21790, 100
2026/09/29 07:27:38.817, 1, 21790, 100
2026/09/29 07:27:39.818, 1, 21790, 100
2026/09/29 07:27:40.818, 1, 21790, 100
2026/09/29 07:27:41.818, 1, 21790, 100
2026/09/29 07:27:42.819, 1, 21790, 100
2026/09/29 07:27:43.819, 1, 21790, 100
2026/09/29 07:27:44.820, 1, 21790, 100
2026/09/29 07:27:45.820, 1, 21790, 100
2026/09/29 07:27:46.820, 1, 21790, 100
2026/09/29 07:27:47.820, 1, 21790, 100
2026/09/29 07:27:48.821, 1, 21790, 100
2026/09/29 07:27:49.821, 1, 21790, 100
2026/09/29 07:27:50.821, 1, 21790, 100
2026/09/29 07:27:51.821, 1, 21790, 100
2026/09/29 07:27:52.822, 1, 21790, 100
2026/09/29 07:27:53.822, 1, 21790, 100
2026/09/29 07:27:54.822, 1, 21790, 100
2026/09/29 07:27:55.822, 1, 21790, 100
2026/09/29 07:27:56.823, 1, 21790, 100
2026/09/29 07:27:57.823, 1, 21790, 100
2026/09/29 07:27:58.823, 1, 21790, 100
2026/09/29 07:27:59.823, 1, 21790, 100
2026/09/29 07:28:00.824, 1, 21790, 100
2026/09/29 07:28:01.824, 1, 21790, 100
2026/09/29 07:28:02.824, 1, 21790, 100
2026/09/29 07:28:03.824, 1, 21790, 100
2026/09/29 07:28:04.824, 1, 21790, 100
2026/09/29 07:28:05.825, 1, 21790, 100
2026/09/29 07:28:06.825, 1, 21790, 100
2026/09/29 07:28:07.825, 1, 21790, 100
2026/09/29 07:28:08.825, 1, 21790, 100
2026/09/29 07:28:09.825, 1, 21790, 100
2026/09/29 07:28:10.826, 1, 21790, 100
2026/09/29 07:28:11.826, 1, 21790, 100
2026/09/29 07:28:12.826, 1, 21790, 100
2026/09/29 07:28:13.826, 1, 21790, 100
2026/09/29 07:28:14.826, 1, 21790, 100
2026/09/29 07:28:15.827, 1, 21790, 100
2026/09/29 07:28:16.827, 1, 21790, 100
2026/09/29 07:28:17.827, 1, 21790, 100
2026/09/29 07:28:18.827, 1, 21790, 100
2026/09/29 07:28:19.827, 1, 21790, 100
2026/09/29 07:28:20.827, 1, 21790, 100
2026/09/29 07:28:21.828, 1, 21790, 100
2026/09/29 07:28:22.828, 1, 21790, 100
2026/09/29 07:28:23.828, 1, 21790, 100
2026/09/29 07:28:24.828, 1, 21790, 100
2026/09/29 07:28:25.828, 1, 21790, 100
2026/09/29 07:28:26.829, 1, 21790, 100
2026/09/29 07:28:27.829, 1, 21790, 100
2026/09/29 07:28:28.829, 1, 21790, 100
2026/09/29 07:28:29.829, 1, 21790, 100
2026/09/29 07:28:30.830, 1, 21790, 100
2026/09/29 07:28:31.830, 1, 21790, 100
2026/09/29 07:28:32.830, 1, 21790, 100
2026/09/29 07:28:33.831, 1, 21790, 98
2026/09/29 07:28:34.831, 1, 21790, 100
2026/09/29 07:28:35.832, 1, 21790, 100
2026/09/29 07:28:36.832, 1, 21790, 100
2026/09/29 07:28:37.832, 1, 21790, 100
2026/09/29 07:28:38.832, 1, 21790, 100
2026/09/29 07:28:39.832, 1, 21790, 100
2026/09/29 07:28:40.832, 1, 21790, 100
2026/09/29 07:28:41.833, 1, 21790, 100
2026/09/29 07:28:42.833, 1, 21790, 100
2026/09/29 07:28:43.833, 1, 21790, 100
2026/09/29 07:28:44.833, 1, 21790, 100
2026/09/29 07:28:45.834, 1, 21790, 100
2026/09/29 07:28:46.834, 1, 21790, 100
2026/09/29 07:28:47.834, 1, 21790, 100
2026/09/29 07:28:48.834, 1, 21790, 100
2026/09/29 07:28:49.834, 1, 21790, 100
2026/09/29 07:28:50.835, 1, 21790, 100
2026/09/29 07:28:51.835, 1, 21790, 100
2026/09/29 07:28:52.835, 1, 21790, 100
2026/09/29 07:28:53.835, 1, 21790, 100
2026/09/29 07:28:54.835, 1, 21790, 100
2026/09/29 07:28:55.836, 1, 21790, 100
2026/09/29 07:28:56.836, 1, 21790, 100
2026/09/29 07:28:57.836, 1, 21790, 100
2026/09/29 07:28:58.836, 1, 21790, 100
2026/09/29 07:28:59.836, 1, 21790, 100
2026/09/29 07:29:00.837, 1, 21790, 100
2026/09/29 07:29:01.837, 1, 21790, 100
2026/09/29 07:29:02.837, 1, 21790, 100
2026/09/29 07:29:03.837, 1, 21790, 100
2026/09/29 07:29:04.837, 1, 21790, 100
2026/09/29 07:29:05.837, 1, 21790, 100
2026/09/29 07:29:06.838, 1, 21790, 100
2026/09/29 07:29:07.838, 1, 21790, 100
2026/09/29 07:29:08.838, 1, 21790, 100
2026/09/29 07:29:09.838, 1, 21790, 100
2026/09/29 07:29:10.838, 1, 21790, 100
2026/09/29 07:29:11.839, 1, 21790, 100
2026/09/29 07:29:12.839, 1, 21790, 100
2026/09/29 07:29:13.839, 1, 21790, 100
2026/09/29 07:29:14.839, 1, 21790, 100
2026/09/29 07:29:15.840, 1, 21790, 100
2026/09/29 07:29:16.841, 1, 21790, 100
2026/09/29 07:29:17.841, 1, 21790, 100
2026/09/29 07:29:18.841, 1, 21790, 100
2026/09/29 07:29:19.841, 1, 21790, 100
2026/09/29 07:29:20.841, 1, 21790, 100
2026/09/29 07:29:21.842, 1, 21790, 100
2026/09/29 07:29:22.842, 1, 21790, 100
2026/09/29 07:29:23.842, 1, 21790, 100
2026/09/29 07:29:24.842, 1, 21790, 100
2026/09/29 07:29:25.842, 1, 21790, 100
2026/09/29 07:29:26.843, 1, 21790, 100
2026/09/29 07:29:27.843, 1, 21790, 100
2026/09/29 07:29:28.843, 1, 21790, 100
2026/09/29 07:29:29.843, 1, 21790, 100
2026/09/29 07:29:30.843, 1, 22770, 100
2026/09/29 07:29:31.844, 1, 22890, 100
2026/09/29 07:29:32.844, 1, 22890, 100
2026/09/29 07:29:33.844, 1, 22890, 100
2026/09/29 07:29:34.844, 1, 14748, 0
2026/09/29 07:29:35.844, 1, 14748, 0
2026/09/29 07:29:36.845, 1, 14748, 0
2026/09/29 07:29:37.845, 1, 14736, 0
2026/09/29 07:29:38.845, 1, 14656, 0
2026/09/29 07:29:39.845, 1, 14656, 0
2026/09/29 07:29:40.845, 1, 14656, 0
2026/09/29 07:29:41.846, 1, 14656, 0
2026/09/29 07:29:42.846, 1, 14656, 0
2026/09/29 07:29:43.846, 1, 14656, 0
2026/09/29 07:29:44.846, 1, 4, 0
2026/09/29 07:29:52.400, 1, 4, 0
2026/09/29 07:29:53.400, 1, 4, 0
2026/09/29 07:29:54.400, 1, 4, 0
2026/09/29 07:29:55.401, 1, 4, 0
2026/09/29 07:29:56.401, 1, 4, 0
2026/09/29 07:29:57.402, 1, 4, 0
2026/09/29 07:29:58.402, 1, 4, 0
2026/09/29 07:29:59.402, 1, 4, 0
2026/09/29 07:30:00.403, 1, 4, 0
2026/09/29 07:30:01.403, 1, 4, 0
2026/09/29 07:30:02.403, 1, 4, 0
2026/09/29 07:30:03.403, 1, 4, 0
2026/09/29 07:30:04.403, 1, 4, 0
2026/09/29 07:30:05.404, 1, 4, 0
2026/09/29 07:30:06.404, 1, 4, 0
2026/09/29 07:30:07.404, 1, 4, 0
